Ngay,GiaDieuChinh,GiaDongCua,KhoiLuongKhopLenh,GiaTriKhopLenh,KLThoaThuan,GtThoaThuan,GiaMoCua,GiaCaoNhat,GiaThapNhat,Price_change,%Price_change,Return
2022-01-11,53230.0,89500.0,2509300,227874000000,237300,23350320000,92000.0,92200.0,89100.0,-2500.0,-2.72,-0.02717391304347827
2022-01-12,53290.0,89600.0,1740700,155317000000,500000,47850000000,89100.0,90600.0,88500.0,100.0,0.11,0.0011173184357542443
2022-01-13,54780.0,92100.0,1811800,165530000000,136000,11342400000,90900.0,92700.0,89800.0,2500.0,2.79,0.02790178571428581
2022-01-14,54300.0,91300.0,686700,62700000000,222600,20232660000,91700.0,92100.0,90900.0,-800.0,-0.87,-0.008686210640608039
2022-01-17,52930.0,89000.0,1568400,140807000000,204300,19939680000,90500.0,91300.0,89000.0,-2300.0,-2.52,-0.025191675794085433
2022-01-18,52400.0,88100.0,1209900,107456000000,92000,8758400000,88300.0,89600.0,88000.0,-900.0,-1.01,-0.010112359550561778
2022-01-19,52580.0,88400.0,649300,57539000000,50000,4710000000,88100.0,89200.0,88000.0,300.0,0.34,0.0034052213393871433
2022-01-20,54060.0,90900.0,767900,68992000000,21000,1974000000,88400.0,91000.0,88300.0,2600.0,2.94,0.02828054298642524
2022-01-21,52460.0,88200.0,841200,74579000000,86300,8198500000,89000.0,89800.0,88200.0,-600.0,-0.68,-0.02970297029702973
2022-01-24,50730.0,85300.0,2024200,175428000000,1807000,170400100000,88200.0,88500.0,85000.0,-2900.0,-3.29,-0.03287981859410427
2022-01-25,51450.0,86500.0,1192600,101611000000,1650000,150480000000,85200.0,87500.0,84000.0,1200.0,1.41,0.014067995310668158
2022-01-26,51150.0,86000.0,913600,78885000000,636400,58867000000,87000.0,87000.0,85500.0,-500.0,-0.58,-0.005780346820809301
2022-01-27,51090.0,85900.0,719600,61906000000,54900,5050800000,86000.0,86700.0,85400.0,-100.0,-0.12,-0.0011627906976744429
2022-01-28,53230.0,89500.0,1552300,137185000000,432900,39783510000,86000.0,89500.0,85900.0,3600.0,4.19,0.04190919674039573
2022-02-07,53230.0,89500.0,518400,46541000000,450800,43141560000,90000.0,90100.0,89000.0,0.0,0.0,0.0
2022-02-08,53880.0,90600.0,845100,76800000000,0,0,89500.0,91800.0,89500.0,1100.0,1.23,0.012290502793296021
2022-02-09,53940.0,90700.0,1142700,104153000000,200000,17926000000,91700.0,91700.0,90600.0,100.0,0.11,0.001103752759381793
2022-02-10,54720.0,92000.0,974900,88683000000,145000,14065000000,91400.0,92000.0,90200.0,1300.0,1.43,0.014332965821389099
2022-02-11,54480.0,91600.0,641600,58959000000,462600,43492960000,91800.0,92400.0,91400.0,-400.0,-0.43,-0.004347826086956497
2022-02-14,54120.0,91000.0,774100,70473000000,0,0,91000.0,91600.0,90400.0,-600.0,-0.66,-0.0065502183406113135
2022-02-15,54180.0,91100.0,655400,59853000000,0,0,91000.0,91700.0,90500.0,100.0,0.11,0.001098901098901095
2022-02-16,54300.0,91300.0,614200,56458000000,201000,19577400000,91700.0,92500.0,91300.0,200.0,0.22,0.002195389681668436
2022-02-17,55190.0,92800.0,853700,78697000000,57700,5631520000,91900.0,92800.0,91000.0,1500.0,1.64,0.016429353778751432
2022-02-18,54840.0,92200.0,618800,56970000000,0,0,92300.0,92500.0,91700.0,-600.0,-0.65,-0.006465517241379337
2022-02-21,55610.0,93500.0,1386000,129347000000,0,0,92200.0,94000.0,92000.0,1300.0,1.41,0.014099783080260275
2022-02-22,55250.0,92900.0,1158200,107012000000,186500,18650000000,93000.0,93300.0,92000.0,-600.0,-0.64,-0.0064171122994652885
2022-02-23,55310.0,93000.0,973800,90965000000,0,0,92600.0,93900.0,92600.0,100.0,0.11,0.0010764262648008671
2022-02-24,54720.0,92000.0,1349600,124944000000,0,0,93000.0,93500.0,90000.0,-1000.0,-1.08,-0.010752688172043001
2022-02-25,54900.0,92300.0,1059900,98179000000,0,0,92400.0,93400.0,92100.0,300.0,0.33,0.003260869565217428
2022-02-28,55490.0,93300.0,1504600,139807000000,56800,5606160000,92300.0,93500.0,92300.0,1000.0,1.08,0.010834236186348933
2022-03-01,55550.0,93400.0,1101900,102964000000,0,0,94000.0,94000.0,92500.0,100.0,0.11,0.001071811361200492
2022-03-02,55370.0,93100.0,1088900,101336000000,259500,25924050000,93000.0,93400.0,92700.0,-300.0,-0.32,-0.0032119914346895317
2022-03-03,55550.0,93400.0,957600,89478000000,474870,47234577500,93200.0,94000.0,93200.0,300.0,0.32,0.0032223415682062218
2022-03-04,55610.0,93500.0,1343800,125592000000,0,0,93300.0,93800.0,93000.0,100.0,0.11,0.0010706638115631772
2022-03-07,55790.0,93800.0,1698000,157905000000,222300,22230000000,93100.0,93900.0,92200.0,300.0,0.32,0.0032085561497325887
2022-03-08,56380.0,94800.0,2227500,209659000000,700000,70210000000,93800.0,95400.0,92600.0,1000.0,1.07,0.010660980810234477
2022-03-09,56800.0,95500.0,2204000,211181000000,1429500,144951300000,94600.0,96500.0,94600.0,700.0,0.74,0.007383966244725704
2022-03-10,56260.0,94600.0,778700,74179000000,790800,80740680000,96300.0,96300.0,94600.0,-900.0,-0.94,-0.009424083769633551
2022-03-11,55430.0,93200.0,1139000,106741000000,399600,40439520000,94500.0,94600.0,92700.0,-1400.0,-1.48,-0.014799154334038
2022-03-14,54600.0,91800.0,1943000,178054000000,403200,40199040000,93000.0,93000.0,90500.0,-1400.0,-1.5,-0.015021459227467782
2022-03-15,54120.0,91000.0,1872000,169463000000,1979300,193823260000,91800.0,91800.0,89800.0,-800.0,-0.87,-0.008714596949891074
2022-03-16,54480.0,91600.0,1139600,103982000000,2026300,197158990000,91100.0,92300.0,90500.0,600.0,0.66,0.00659340659340657
2022-03-17,54720.0,92000.0,1180600,108685000000,1571700,154026600000,91800.0,92700.0,91500.0,400.0,0.44,0.004366812227074135
2022-03-18,56560.0,95100.0,2815100,267952000000,0,0,93000.0,96600.0,93000.0,3100.0,3.37,0.033695652173913127
2022-03-21,56680.0,95300.0,1560700,148957000000,444500,45205650000,95200.0,96000.0,95000.0,200.0,0.21,0.002103049421661396
2022-03-22,57330.0,96400.0,2079200,199994000000,0,0,96000.0,97000.0,95400.0,1100.0,1.15,0.011542497376705096
2022-03-23,57390.0,96500.0,1975800,191210000000,60000,5670000000,96500.0,97500.0,96000.0,100.0,0.1,0.0010373443983402453
2022-03-24,57100.0,96000.0,1823700,175584000000,39400,4066080000,96000.0,97200.0,95300.0,-500.0,-0.52,-0.005181347150259086
2022-03-25,56920.0,95700.0,1228100,117813000000,163400,16781180000,96100.0,96500.0,95600.0,-300.0,-0.31,-0.0031250000000000444
2022-03-28,58350.0,98100.0,3501600,340590000000,819725,80867820000,95500.0,98700.0,95200.0,2400.0,2.51,0.02507836990595602
2022-03-29,62390.0,104900.0,8224300,846918000000,243700,25564130000,98600.0,104900.0,98600.0,6800.0,6.93,0.06931702344546387
2022-03-30,63040.0,106000.0,2830700,300487000000,301300,33805860000,105800.0,107300.0,104500.0,1100.0,1.05,0.01048617731172552
2022-03-31,63640.0,107000.0,3472300,374571000000,380500,43148700000,105500.0,110600.0,104600.0,1000.0,0.94,0.009433962264151052
2022-04-01,66020.0,111000.0,4317300,472092000000,306700,35086480000,106900.0,111000.0,106100.0,4000.0,3.74,0.03738317757009346
2022-04-04,65010.00000000001,109300.0,2687800,298531000000,582400,68167770000,113500.0,113500.0,109300.0,-1700.0,-1.53,-0.01531531531531527
2022-04-05,64830.0,109000.0,1863900,205138000000,1209900,138059870000,109100.0,111600.0,109000.0,-300.0,-0.27,-0.0027447392497712553
2022-04-06,67210.0,113000.0,4179000,465302000000,580900,63358600000,108400.0,114000.0,108400.0,4000.0,3.67,0.03669724770642202
2022-04-07,67390.0,113300.0,3915200,450249000000,1506800,179901660000,113700.0,116900.0,112100.0,300.0,0.27,0.0026548672566371057
2022-04-08,64530.0,108500.0,4069700,450651000000,2529800,306611760000,113300.0,113900.0,108500.0,-4800.0,-4.24,-0.04236540158870261
2022-04-12,65300.0,109800.0,3162100,342529000000,516400,59902400000,109000.0,111500.0,106600.0,1300.0,1.2,0.011981566820276512
2022-04-13,68460.0,115100.0,3322800,374683000000,190800,22399920000,110000.0,115100.0,109800.0,5300.0,4.83,0.04826958105646639
2022-04-14,69350.0,116600.0,3529400,413909000000,1825400,222629640000,115200.0,118900.0,115200.0,1500.0,1.3,0.013032145960034658
2022-04-15,68400.0,115000.0,3121400,360884000000,953100,118851570000,115100.0,117900.0,114000.0,-1600.0,-1.37,-0.013722126929674117
2022-04-18,68690.0,115500.0,3356100,391336000000,491700,60479100000,115000.0,118600.0,114000.0,500.0,0.43,0.004347826086956497
2022-04-19,66610.0,112000.0,4731000,541537000000,3465978,427847483000,116500.0,117000.0,112000.0,-3500.0,-3.03,-0.030303030303030276
2022-04-20,66610.0,112000.0,3295000,368615000000,55000,6589000000,112000.0,113000.0,109600.0,0.0,0.0,0.0
2022-04-21,66610.0,112000.0,4068500,461779000000,377100,45176580000,111200.0,115900.0,111200.0,0.0,0.0,0.0
2022-04-22,66080.0,111100.0,5708900,628337000000,6169300,739082140000,112500.0,113900.0,106000.0,-900.0,-0.8,-0.008035714285714257
2022-04-25,61500.0,103400.0,4605900,484914000000,1413625,164625147500,110100.0,110900.0,103400.0,-7700.0,-6.93,-0.06930693069306926
2022-04-26,62030.0,104300.0,5431400,545680000000,106000,11723600000,100200.0,105000.0,97000.0,900.0,0.87,0.008704061895551174
2022-04-27,61260.0,103000.0,2529700,258127000000,632000,70206480000,102500.0,104000.0,100500.0,-1300.0,-1.25,-0.012464046021092967
2022-04-28,62750.0,105500.0,2530400,264521000000,617100,68004420000,102900.0,106800.0,102500.0,2500.0,2.43,0.024271844660194164
2022-04-29,62450.0,105000.0,3991500,420777000000,20000,2256000000,105000.0,107100.0,104200.0,-500.0,-0.47,-0.004739336492891044
2022-05-04,62150.0,104500.0,1598400,167417000000,500000,56004000000,104900.0,105900.0,104100.0,-500.0,-0.48,-0.004761904761904745
2022-05-05,62270.0,104700.0,2194900,228582000000,259000,25562000000,104600.0,105500.0,101900.0,200.0,0.19,0.00191387559808609
2022-05-06,59590.0,100200.0,2430900,248957000000,803600,90003200000,102300.0,104000.0,100200.0,-4500.0,-4.3,-0.04297994269340977
2022-05-09,55910.0,94000.0,4499100,435148000000,571600,61275520000,98300.0,99000.0,94000.0,-6200.0,-6.19,-0.06187624750498999
2022-05-10,58520.0,98400.0,2816700,268633000000,918600,92319300000,94000.0,98800.0,92000.0,4400.0,4.68,0.04680851063829783
2022-05-11,60610.0,101900.0,1667700,165603000000,639800,67306960000,98000.0,101900.0,96800.0,3500.0,3.56,0.03556910569105698
2022-05-12,56860.0,95600.0,2591500,256181000000,1684200,183567800000,99300.0,101900.0,95000.0,-6300.0,-6.18,-0.06182531894013743
2022-05-13,55670.0,93600.0,4103700,393861000000,82400,8421280000,96100.0,99000.0,93100.0,-2000.0,-2.09,-0.02092050209205021
2022-05-16,55430.0,93200.0,1740900,166299000000,0,0,97500.0,97500.0,93200.0,-400.0,-0.43,-0.004273504273504258
2022-05-17,59300.0,99700.0,2045800,195821000000,0,0,93000.0,99700.0,92500.0,6500.0,6.97,0.06974248927038618
2022-05-18,58110.0,97700.0,1934400,190447000000,80000,8528000000,99700.0,100100.0,97500.0,-2000.0,-2.01,-0.02006018054162484
2022-05-19,57690.0,97000.0,1228600,118524000000,1328100,138786450000,95100.0,97700.0,95100.0,-700.0,-0.72,-0.007164790174002067
2022-05-20,57990.0,97500.0,1410400,138038000000,30000,3111000000,97700.0,98900.0,97000.0,500.0,0.52,0.005154639175257714
2022-05-23,57390.0,96500.0,1136900,110703000000,206459,18725831300,98200.0,98200.0,96100.0,-1000.0,-1.03,-0.01025641025641022
2022-05-24,58400.0,98200.0,1384700,134777000000,20000,2064000000,96500.0,98200.0,96000.0,1700.0,1.76,0.01761658031088076
2022-05-25,62450.0,105000.0,3770800,387737000000,0,0,99500.0,105000.0,98700.0,6800.0,6.92,0.06924643584521384
2022-05-26,62810.0,105600.0,1426400,150812000000,340000,37690000000,105200.0,107100.0,104600.0,600.0,0.57,0.005714285714285783
2022-05-27,66490.0,111800.0,3878400,426797000000,616700,69625430000,105600.0,112000.0,105500.0,6200.0,5.87,0.058712121212121104
2022-05-30,66200.0,111300.0,2496900,277200000000,8500100,1016416120000,111100.0,112400.0,109200.0,-500.0,-0.45,-0.004472271914132353
2022-05-31,65360.0,109900.0,2157000,236240000000,698300,83077700000,111300.0,111300.0,107500.0,-1400.0,-1.26,-0.012578616352201255
2022-06-01,66490.0,111800.0,2036500,227036000000,1314300,154430250000,109900.0,112900.0,109800.0,1900.0,1.73,0.017288444040036488
2022-06-02,66310.0,111500.0,2292800,259887000000,471100,56201000000,112800.0,114800.0,111100.0,-300.0,-0.27,-0.0026833631484793896
2022-06-03,67800.0,114000.0,1755900,197062000000,864200,103099060000,111500.0,114000.0,110900.0,2500.0,2.24,0.022421524663677195
2022-06-06,67210.0,113000.0,2558200,292849000000,759200,91803090000,114000.0,116000.0,112000.0,-1000.0,-0.88,-0.00877192982456143
2022-06-07,68750.0,115600.0,3908000,437624000000,2118500,256126650000,112700.0,115600.0,108600.0,2600.0,2.3,0.023008849557522026
2022-06-08,68400.0,115000.0,2660400,308562000000,398200,48738760000,116300.0,117600.0,114500.0,-600.0,-0.52,-0.00519031141868509
2022-06-09,68570.0,115300.0,1706300,195374000000,709100,87219300000,115500.0,115900.0,113300.0,300.0,0.26,0.002608695652173809
2022-06-10,65420.0,110000.0,2972500,335330000000,1159100,142917030000,113400.0,114700.0,110000.0,-5300.0,-4.6,-0.04596704249783179
2022-06-13,62080.0,86200.0,3393300,300571000000,442300,42947330000,88000.0,90800.0,86000.0,-4600.0,-5.07,-0.2163636363636363
2022-06-14,64170.0,89100.0,2308300,203528000000,587100,53961620000,86000.0,89900.0,85500.0,2900.0,3.36,0.033642691415313175
2022-06-15,65180.00000000001,90500.0,1762600,158030000000,1104100,104905730000,90600.0,90600.0,88000.0,1400.0,1.57,0.015712682379348974
2022-06-16,66260.0,92000.0,2517500,231743000000,870000,84216000000,91000.0,93800.0,90200.0,1500.0,1.66,0.016574585635359185
2022-06-17,66260.0,92000.0,2321400,209858000000,1843400,180891960000,90300.0,92600.0,89000.0,0.0,0.0,0.0
2022-06-20,66260.0,92000.0,2483900,230666000000,183600,17830800000,93500.0,94500.0,91300.0,0.0,0.0,0.0
2022-06-21,64170.0,89100.0,2460200,224909000000,728600,69070936000,92400.0,93500.0,89000.0,-2900.0,-3.15,-0.03152173913043477
2022-06-22,60860.0,84500.0,2971400,260225000000,554900,52336820000,89800.0,90400.0,84400.0,-4600.0,-5.16,-0.05162738496071828
2022-06-23,61580.0,85500.0,2022500,172238000000,1399625,121889232750,84000.0,86800.0,83700.0,1000.0,1.18,0.01183431952662728
2022-06-24,61580.0,85500.0,902400,78058000000,29000,2650600000,86100.0,87800.0,85500.0,0.0,0.0,0.0
2022-06-27,62300.0,86500.0,1254800,109236000000,1264300,112460968000,86400.0,87900.0,85900.0,1000.0,1.17,0.011695906432748648
2022-06-28,64599.99999999999,89700.0,2296600,204555000000,1581600,141210180000,89500.0,90200.0,87200.0,3200.0,3.7,0.03699421965317917
2022-06-29,64819.99999999999,90000.0,1182600,105405000000,1626200,150172418000,88900.0,90000.0,88200.0,300.0,0.33,0.0033444816053511683
2022-06-30,62080.0,86200.0,1506500,132342000000,519700,47821860000,89500.0,89900.0,86200.0,-3800.0,-4.22,-0.04222222222222227
2022-07-01,63380.0,88000.0,1696500,146497000000,1070000,95091200000,87000.0,88800.0,84800.0,1800.0,2.09,0.02088167053364276
2022-07-04,62440.0,86700.0,1005500,87915000000,0,0,88500.0,88500.0,86000.0,-1300.0,-1.48,-0.01477272727272727
2022-07-05,61510.0,85400.0,1395600,120374000000,727200,64306296000,87800.0,87800.0,85400.0,-1300.0,-1.5,-0.014994232987312617
2022-07-06,60140.0,83500.0,2232400,188375000000,1524000,131805330000,84100.0,85900.0,83500.0,-1900.0,-2.22,-0.022248243559718994
2022-07-07,59850.0,83100.0,1286300,107732000000,1200200,102216730000,83900.0,84600.0,83100.0,-400.0,-0.48,-0.004790419161676662
2022-07-08,60210.0,83600.0,910400,75989000000,1027100,86884048000,83900.0,84000.0,83100.0,500.0,0.6,0.006016847172081841
2022-07-11,59630.0,82800.0,998100,83396000000,400700,34180780000,84600.0,84600.0,82800.0,-800.0,-0.96,-0.009569377990430672
2022-07-12,60140.0,83500.0,602800,50197000000,315500,26680725000,82800.0,83500.0,82700.0,700.0,0.85,0.008454106280193274
2022-07-13,59420.0,82500.0,1140700,94742000000,624000,51822000000,84000.0,84000.0,82500.0,-1000.0,-1.2,-0.0119760479041916
2022-07-14,59630.0,82800.0,891300,73930000000,1312200,109118772000,82800.0,83500.0,82200.0,300.0,0.36,0.0036363636363636598
2022-07-15,59200.0,82200.0,1382300,114691000000,419900,35186655000,84000.0,84000.0,82200.0,-600.0,-0.72,-0.007246376811594235
2022-07-18,59780.0,83000.0,1264900,105480000000,100000,8340400000,82800.0,84500.0,82300.0,800.0,0.97,0.009732360097323589
2022-07-19,59780.0,83000.0,1185400,97889000000,1157400,96935442000,82900.0,83000.0,82200.0,0.0,0.0,0.0
2022-07-20,61150.0,84900.0,2848900,241935000000,1320380,112066360800,85000.0,85900.0,84000.0,1900.0,2.29,0.02289156626506017
2022-07-21,61220.0,85000.0,1804200,154082000000,708400,60277750000,85900.0,85900.0,84500.0,100.0,0.12,0.0011778563015312216
2022-07-22,61290.0,85100.0,1307200,111983000000,0,0,86400.0,86500.0,85100.0,100.0,0.12,0.0011764705882353343
2022-07-25,61510.0,85400.0,2245900,193826000000,0,0,87000.0,87000.0,85100.0,300.0,0.35,0.003525264394829586
2022-07-26,61070.0,84800.0,1128800,96388000000,311600,26864500000,86000.0,86000.0,84800.0,-600.0,-0.7,-0.007025761124121788
2022-07-27,61360.0,85200.0,771100,65336000000,500132,42764916000,84600.0,85200.0,84400.0,400.0,0.47,0.004716981132075526
2022-07-28,61150.0,84900.0,1664800,141820000000,671100,57839000000,85200.0,85800.0,83100.0,-300.0,-0.35,-0.0035211267605633756
2022-07-29,60140.0,83500.0,1941800,163107000000,202000,17307580000,85100.0,85200.0,83500.0,-1400.0,-1.65,-0.01648998822143699
2022-08-01,60500.0,84000.0,1815100,151587000000,589000,49766098000,84000.0,84200.0,83100.0,500.0,0.6,0.0059880239520957446
2022-08-02,61220.0,85000.0,1879700,158534000000,0,0,84000.0,85100.0,83500.0,1000.0,1.19,0.011904761904761862
2022-08-03,61070.0,84800.0,2249500,190291000000,194300,17010965000,85000.0,85200.0,84200.0,-200.0,-0.24,-0.0023529411764705577
2022-08-04,62010.0,86100.0,3046800,262002000000,252700,22070818000,85100.0,86600.0,84900.0,1300.0,1.53,0.015330188679245182
2022-08-05,61790.0,85800.0,1773100,153094000000,502000,45091600000,86100.0,87200.0,85600.0,-300.0,-0.35,-0.0034843205574912606
2022-08-08,61940.0,86000.0,1586800,136033000000,83400,7531000000,85900.0,86400.0,85300.0,200.0,0.23,0.002331002331002363
2022-08-09,62080.0,86200.0,2320800,200849000000,451700,40629210000,86000.0,87500.0,85700.0,200.0,0.23,0.0023255813953488857
2022-08-10,61940.0,86000.0,1121400,96599000000,67700,6160700000,86300.0,86700.0,86000.0,-200.0,-0.23,-0.002320185614849146
2022-08-11,61940.0,86000.0,1852800,159744000000,683000,62124500000,86200.0,86800.0,85700.0,0.0,0.0,0.0
2022-08-12,62300.0,86500.0,1243100,106915000000,55400,4437540000,85700.0,86500.0,85700.0,500.0,0.58,0.005813953488372103
2022-08-15,64030.0,88900.0,3085000,271716000000,245000,21727770000,86600.0,89100.0,86600.0,2400.0,2.77,0.02774566473988438
2022-08-16,63880.0,88700.0,1382800,122811000000,33000,2729100000,88900.0,89400.0,88100.0,-200.0,-0.22,-0.0022497187851518996
2022-08-17,63590.0,88300.0,1506200,133470000000,0,0,89000.0,89100.0,88000.0,-400.0,-0.45,-0.00450958286358516
2022-08-18,63590.0,88300.0,2552900,226238000000,800000,75520000000,87900.0,89700.0,87900.0,0.0,0.0,0.0
2022-08-19,62590.0,86900.0,1957600,171095000000,144000,12625800000,88000.0,88500.0,86200.0,-1400.0,-1.59,-0.015855039637599044
2022-08-22,62510.0,86800.0,1634000,141378000000,28100,2610490000,86600.0,87300.0,85900.0,-100.0,-0.12,-0.0011507479861909697
2022-08-23,62660.0,87000.0,1085700,93933000000,27600,2387400000,86100.0,87000.0,86100.0,200.0,0.23,0.0023041474654377225
2022-08-24,62800.0,86200.0,1008000,87160000000,59000,5428000000,86500.0,86800.0,86100.0,200.0,0.23,-0.00919540229885063
2022-08-25,62880.0,86300.0,1143900,98629000000,20900,1926980000,86200.0,86700.0,86000.0,100.0,0.12,0.0011600928074246841
2022-08-26,63530.0,87200.0,1936600,168695000000,20000,1846000000,86400.0,87800.0,86300.0,900.0,1.04,0.010428736964078755
2022-08-29,63020.0,86500.0,2228000,191347000000,313100,28954500000,87000.0,87000.0,84700.0,-700.0,-0.8,-0.008027522935779796
2022-08-30,62950.0,86400.0,1153200,99743000000,150000,13875000000,86500.0,87000.0,86000.0,-100.0,-0.12,-0.0011560693641619046
2022-08-31,63100.0,86600.0,1173700,101270000000,176400,16299360000,85800.0,87000.0,85800.0,200.0,0.23,0.0023148148148148806
2022-09-05,62800.0,86200.0,1020900,88021000000,90000,8334000000,86500.0,86700.0,85900.0,-400.0,-0.46,-0.004618937644341847
2022-09-06,62510.0,85800.0,1171600,100858000000,422300,38936060000,86000.0,86400.0,85800.0,-400.0,-0.46,-0.004640371229698403
2022-09-07,61200.0,84000.0,2236400,189645000000,81800,7509240000,85500.0,85900.0,84000.0,-1800.0,-2.1,-0.020979020979020935
2022-09-08,61420.0,84300.0,1135600,95723000000,164200,14455160000,84100.0,85000.0,83800.0,300.0,0.36,0.0035714285714285587
2022-09-09,61420.0,84300.0,1145400,96894000000,0,0,84600.0,85000.0,84300.0,0.0,0.0,0.0
2022-09-12,61640.0,84600.0,716000,60687000000,51000,4305200000,85100.0,85200.0,84300.0,300.0,0.36,0.003558718861210064
2022-09-13,61640.0,84600.0,1046400,88770000000,231302,20932821000,85000.0,85300.0,84300.0,0.0,0.0,0.0
2022-09-14,61200.0,84000.0,1309200,109755000000,165701,14995928700,83500.0,84500.0,83500.0,-600.0,-0.71,-0.007092198581560294
2022-09-15,60980.0,83700.0,780500,65514000000,0,0,84500.0,84500.0,83700.0,-300.0,-0.36,-0.0035714285714285587
2022-09-16,60110.0,82500.0,1360100,113049000000,0,0,83700.0,83900.0,82500.0,-1200.0,-1.43,-0.014336917562724039
2022-09-19,60550.0,83100.0,1783700,147172000000,250000,19200000000,82500.0,83600.0,81900.0,600.0,0.73,0.0072727272727273196
2022-09-20,60760.0,83400.0,575000,47664000000,1401300,124575570000,83100.0,83800.0,82300.0,300.0,0.36,0.0036101083032491488
2022-09-21,59960.0,82300.0,775400,63983000000,0,0,83300.0,83300.0,82300.0,-1100.0,-1.32,-0.013189448441247031
2022-09-22,60400.0,82900.0,1172400,96432000000,20000,1760000000,82000.0,83000.0,81900.0,600.0,0.73,0.007290400972053357
2022-09-23,60040.0,82400.0,840600,69323000000,349200,30707240000,83100.0,83100.0,82100.0,-500.0,-0.6,-0.006031363088057851
2022-09-26,59380.0,81500.0,1863600,151092000000,260740,22971194000,81500.0,82000.0,80300.0,-900.0,-1.09,-0.01092233009708743
2022-09-27,58650.0,80500.0,932900,75867000000,170000,14436000000,82000.0,82000.0,80500.0,-1000.0,-1.23,-0.012269938650306789
2022-09-28,56830.0,78000.0,2048400,162525000000,317700,27353970000,80100.0,80400.0,78000.0,-2500.0,-3.11,-0.03105590062111796
2022-09-29,56100.0,77000.0,1303900,102980000000,0,0,79800.0,80100.0,77000.0,-1000.0,-1.28,-0.012820512820512775
2022-09-30,58650.0,80500.0,2109900,164667000000,912000,75057600000,77000.0,80800.0,76900.0,3500.0,4.55,0.045454545454545414
2022-10-03,56100.0,77000.0,1245600,97674000000,0,0,79600.0,80300.0,76400.0,-3500.0,-4.35,-0.04347826086956519
2022-10-04,56470.0,77500.0,2040000,159128000000,26000,2139800000,78000.0,79000.0,77200.0,500.0,0.65,0.006493506493506551
2022-10-05,57120.0,78400.0,971900,76720000000,94935,7210513500,79000.0,79500.0,78400.0,900.0,1.16,0.011612903225806548
2022-10-06,55740.0,76500.0,1266700,98244000000,0,0,78900.0,78900.0,76500.0,-1900.0,-2.42,-0.02423469387755106
2022-10-07,53920.0,74000.0,2061000,154371000000,73000,5823000000,76200.0,76200.0,74000.0,-2500.0,-3.27,-0.0326797385620915
2022-10-10,53920.0,74000.0,1625600,120024000000,169800,13431180000,73500.0,75500.0,72100.0,0.0,0.0,0.0
2022-10-11,51730.0,71000.0,1593600,115198000000,516100,40046510000,74000.0,74000.0,71000.0,-3000.0,-4.05,-0.04054054054054057
2022-10-12,52750.0,72400.0,1463100,105750000000,0,0,71000.0,73300.0,71000.0,1400.0,1.97,0.019718309859154903
2022-10-13,53190.0,73000.0,829200,59912000000,130000,9620000000,72200.0,73000.0,71500.0,600.0,0.83,0.008287292817679592
2022-10-14,53920.0,74000.0,844200,62541000000,0,0,74400.0,74500.0,73600.0,1000.0,1.37,0.013698630136986356
2022-10-17,53770.0,73800.0,707400,51770000000,23520,1620528000,73500.0,73900.0,72600.0,-200.0,-0.27,-0.002702702702702675
2022-10-18,54570.0,74900.0,879000,65635000000,21300,1680570000,74000.0,75300.0,74000.0,1100.0,1.49,0.01490514905149043
2022-10-19,55010.0,75500.0,1023700,77449000000,743000,59514300000,74900.0,76200.0,74700.0,600.0,0.8,0.008010680907877266
2022-10-20,56680.0,77800.0,1730300,133310000000,87600,7069320000,75800.0,78500.0,75300.0,2300.0,3.05,0.030463576158940464
2022-10-21,53840.0,73900.0,1564900,117981000000,940500,78249600000,77700.0,77700.0,73900.0,-3900.0,-5.01,-0.050128534704370176
2022-10-24,51800.0,71100.0,1426100,103551000000,1788100,141179900000,73900.0,74500.0,71000.0,-2800.0,-3.79,-0.0378890392422192
2022-10-25,53330.0,73200.0,1564600,113770000000,0,0,71400.0,74500.0,71100.0,2100.0,2.95,0.029535864978903037
2022-10-26,53770.0,73800.0,625100,45962000000,50000,3725000000,74500.0,74500.0,72700.0,600.0,0.82,0.008196721311475308
2022-10-27,55230.0,75800.0,935900,70053000000,30000,2367000000,74100.0,76200.0,73700.0,2000.0,2.71,0.027100271002709952
2022-10-28,54640.0,75000.0,875800,65919000000,50000,3732500000,76300.0,76300.0,74700.0,-800.0,-1.06,-0.01055408970976257
2022-10-31,55080.0,75600.0,1084700,80962000000,0,0,75000.0,76000.0,73700.0,600.0,0.8,0.008000000000000007
2022-11-01,55010.0,75500.0,561500,42677000000,50000,3740000000,76300.0,76800.0,75000.0,-100.0,-0.13,-0.001322751322751281
2022-11-02,53920.0,74000.0,978200,73055000000,0,0,75200.0,76000.0,74000.0,-1500.0,-1.99,-0.019867549668874163
2022-11-03,53990.0,74100.0,622400,46538000000,0,0,74500.0,75700.0,73700.0,100.0,0.14,0.0013513513513514486
2022-11-04,53110.0,72900.0,1646800,119818000000,1075500,85179600000,74000.0,74000.0,71500.0,-1200.0,-1.62,-0.01619433198380571
2022-11-07,52900.0,72600.0,1572400,114666000000,463600,36015800000,72600.0,74000.0,72600.0,-300.0,-0.41,-0.004115226337448541
2022-11-08,53410.0,73300.0,945000,68533000000,720000,55872000000,71500.0,73900.0,71400.0,700.0,0.96,0.009641873278236845
2022-11-09,53920.0,74000.0,697700,51493000000,200000,15525000000,73300.0,74300.0,73300.0,700.0,0.95,0.009549795361528002
2022-11-10,53190.0,73000.0,1595200,114656000000,169800,13431180000,73500.0,73700.0,69100.0,-1000.0,-1.35,-0.013513513513513487
2022-11-11,53040.0,72800.0,1002900,73095000000,443900,34538590000,73100.0,73600.0,72000.0,-200.0,-0.27,-0.002739726027397249
2022-11-14,51580.0,70800.0,1639000,116301000000,0,0,72000.0,72400.0,70000.0,-2000.0,-2.75,-0.027472527472527486
2022-11-15,48010.0,65900.0,3114900,206907000000,176800,12464400000,70000.0,70000.0,65900.0,-4900.0,-6.92,-0.0692090395480226
2022-11-16,50490.0,69300.0,3050400,197088000000,267600,18865800000,61300.0,70000.0,61300.0,3400.0,5.16,0.05159332321699539
2022-11-17,51730.0,71000.0,1546300,108898000000,536200,39019020000,69300.0,72000.0,64500.0,1700.0,2.45,0.024531024531024626
2022-11-18,52090.0,71500.0,1261700,89368000000,0,0,70100.0,72000.0,69200.0,500.0,0.7,0.007042253521126751
2022-11-21,51070.0,70100.0,840500,59139000000,0,0,69500.0,71800.0,69500.0,-1400.0,-1.96,-0.01958041958041956
2022-11-22,51370.0,70500.0,1176300,83184000000,20000,1400000000,70000.0,72000.0,69100.0,400.0,0.57,0.005706134094151105
2022-11-23,51370.0,70500.0,465900,32722000000,1788100,141179900000,70000.0,71000.0,69700.0,0.0,0.0,0.0
2022-11-24,51370.0,70500.0,788400,55489000000,1788100,141179900000,69800.0,71000.0,69400.0,0.0,0.0,0.0
2022-11-25,52460.0,72000.0,1267400,90761000000,200000,15080000000,70600.0,72000.0,70500.0,1500.0,2.13,0.02127659574468077
2022-11-28,54130.0,74300.0,1146800,84503000000,137000,10042100000,72400.0,74500.0,72300.0,2300.0,3.19,0.03194444444444455
2022-11-29,54130.0,74300.0,1143800,84572000000,0,0,74900.0,74900.0,73000.0,0.0,0.0,0.0
2022-11-30,54350.0,74600.0,911500,67726000000,0,0,74500.0,74900.0,73500.0,300.0,0.4,0.004037685060565233
2022-12-01,54430.0,74700.0,1776500,133191000000,0,0,75100.0,75800.0,74100.0,100.0,0.13,0.0013404825737264314
2022-12-02,56390.0,77400.0,2901400,219090000000,0,0,74700.0,77700.0,74000.0,2700.0,3.61,0.03614457831325302
2022-12-05,57050.0,78300.0,1216400,95091000000,0,0,78000.0,79000.0,77400.0,900.0,1.16,0.011627906976744207
2022-12-06,55370.0,76000.0,1537700,119657000000,0,0,78300.0,78900.0,76000.0,-2300.0,-2.94,-0.02937420178799488
2022-12-07,55740.0,76500.0,1029400,78112000000,69400,5642220000,75900.0,76600.0,74800.0,500.0,0.66,0.006578947368421018
2022-12-08,56100.0,77000.0,1267300,98001000000,31400,2568520000,76900.0,78800.0,75600.0,500.0,0.65,0.006535947712418277
2022-12-09,56830.0,78000.0,987500,76534000000,0,0,76300.0,78000.0,76200.0,1000.0,1.3,0.01298701298701288
2022-12-12,56100.0,77000.0,1213500,93842000000,827000,68799000000,77600.0,78200.0,76400.0,-1000.0,-1.28,-0.012820512820512775
2022-12-13,56250.0,77200.0,899700,68840000000,0,0,76200.0,77300.0,75200.0,200.0,0.26,0.0025974025974024872
2022-12-14,55590.0,76300.0,1158000,88881000000,608100,49926030000,77200.0,77500.0,76100.0,-900.0,-1.17,-0.011658031088082943
2022-12-15,56610.0,77700.0,1170500,90650000000,27000,2070900000,76400.0,78100.0,76400.0,1400.0,1.83,0.0183486238532109
2022-12-16,56760.0,77900.0,910900,70666000000,216000,17949600000,77000.0,78000.0,76400.0,200.0,0.26,0.002574002574002643
2022-12-19,55810.0,76600.0,1026200,79496000000,0,0,78300.0,78300.0,76600.0,-1300.0,-1.67,-0.016688061617458283
2022-12-20,55810.0,76600.0,785800,59714000000,55400,4537260000,77200.0,77200.0,75400.0,0.0,0.0,0.0
2022-12-21,56250.0,77200.0,544100,41756000000,308136,24200938400,77200.0,77400.0,75700.0,600.0,0.78,0.007832898172323688
2022-12-22,56250.0,77200.0,657800,50516000000,380000,31128260000,77200.0,77500.0,76000.0,0.0,0.0,0.0
2022-12-23,56830.0,78000.0,1221000,94404000000,602000,49365200000,76400.0,78000.0,76200.0,800.0,1.04,0.010362694300518172
2022-12-26,55660.0,76400.0,832500,64318000000,0,0,77700.0,78100.0,76400.0,-1600.0,-2.05,-0.02051282051282055
2022-12-27,55740.0,76500.0,805200,61816000000,783416,63203240000,76400.0,77500.0,76000.0,100.0,0.13,0.0013089005235602524
2022-12-28,55880.0,76700.0,589200,45102000000,0,0,77000.0,77000.0,76000.0,200.0,0.26,0.002614379084967311
2022-12-29,55520.0,76200.0,655300,50245000000,236216,18453315200,76500.0,77000.0,76200.0,-500.0,-0.65,-0.006518904823989535
2022-12-30,56030.0,76900.0,628600,48071000000,500000,40750000000,76200.0,76900.0,76000.0,700.0,0.92,0.009186351706036655
2023-01-03,58290.0,80000.0,1535200,121138000000,0,0,76900.0,80000.0,76800.0,3100.0,4.03,0.04031209362808852
2023-01-04,58290.0,80000.0,794300,63713000000,0,0,80800.0,81000.0,79300.0,0.0,0.0,0.0
2023-01-05,58720.0,80600.0,1012600,82084000000,0,0,80200.0,81500.0,80200.0,600.0,0.75,0.007500000000000062
2023-01-06,58510.0,80300.0,719400,57972000000,0,0,80400.0,81100.0,80200.0,-300.0,-0.37,-0.003722084367245637
2023-01-09,58510.0,80300.0,518900,41608000000,0,0,80500.0,80900.0,79900.0,0.0,0.0,0.0
2023-01-10,58580.0,80400.0,752700,60713000000,3292300,282808570000,80700.0,81300.0,80200.0,100.0,0.12,0.001245330012453305
2023-01-11,58940.0,80900.0,1076900,87426000000,0,0,80400.0,81600.0,80400.0,500.0,0.62,0.006218905472636926
2023-01-12,58800.0,80700.0,542500,43758000000,30000,2427000000,81000.0,81500.0,80200.0,-200.0,-0.25,-0.0024721878862793423
2023-01-13,58290.0,80000.0,628300,50625000000,70700,6101410000,80500.0,81200.0,80000.0,-700.0,-0.87,-0.008674101610904539
2023-01-16,58870.0,80800.0,574500,46156000000,0,0,80100.0,81000.0,79700.0,800.0,1.0,0.010000000000000009
2023-01-17,59740.0,82000.0,978200,79748000000,104600,9037440000,81200.0,82000.0,81000.0,1200.0,1.49,0.014851485148514865
2023-01-18,60760.0,83400.0,954600,78963000000,152300,13356710000,82100.0,83400.0,81800.0,1400.0,1.71,0.017073170731707332
2023-01-19,61130.0,83900.0,1327200,110952000000,193936,17101091200,83000.0,84200.0,82900.0,500.0,0.6,0.005995203836930418
2023-01-27,61200.0,84000.0,1140700,97050000000,64800,5812560000,84100.0,85500.0,84000.0,100.0,0.12,0.0011918951132301459
2023-01-30,60980.0,83700.0,891000,74827000000,23900,2146220000,84200.0,84400.0,83700.0,-300.0,-0.36,-0.0035714285714285587
2023-01-31,60840.0,83500.0,1529100,126525000000,195300,17479350000,83500.0,83700.0,81700.0,-200.0,-0.24,-0.002389486260453988
2023-02-01,59740.0,82000.0,1048300,86647000000,20000,1786000000,84000.0,84000.0,81800.0,-1500.0,-1.8,-0.017964071856287456
2023-02-02,59670.0,81900.0,1325200,108157000000,930800,81465860000,82100.0,82400.0,81300.0,-100.0,-0.12,-0.0012195121951219523
2023-02-03,58360.0,80100.0,1729000,139208000000,251900,22066440000,82000.0,82000.0,80100.0,-1800.0,-2.2,-0.02197802197802201
2023-02-06,58650.0,80500.0,944400,76171000000,71324,5698787600,80000.0,81600.0,79700.0,400.0,0.5,0.004993757802746579
2023-02-07,58800.0,80700.0,750800,60902000000,63900,5501790000,80500.0,81900.0,80500.0,200.0,0.25,0.00248447204968949
2023-02-08,59160.0,81200.0,669700,54403000000,221900,19149970000,80800.0,81700.0,80600.0,500.0,0.62,0.006195786864931829
2023-02-09,58800.0,80700.0,743000,60274000000,2747500,238343800000,81000.0,81600.0,80700.0,-500.0,-0.62,-0.006157635467980316
2023-02-10,58800.0,80700.0,725000,58563000000,1946824,168010911200,81100.0,81200.0,80500.0,0.0,0.0,0.0
2023-02-13,58800.0,80700.0,613200,49482000000,1497500,129234250000,80700.0,81200.0,80000.0,0.0,0.0,0.0
2023-02-14,58870.0,80800.0,619700,50026000000,166077,14072862700,80700.0,81000.0,80200.0,100.0,0.12,0.0012391573729864103
2023-02-15,59450.0,81600.0,645200,52492000000,4405400,380626560000,80500.0,81900.0,80300.0,800.0,0.99,0.00990099009900991
2023-02-16,59450.0,81600.0,424200,34514000000,0,0,81600.0,82000.0,80700.0,0.0,0.0,0.0
2023-02-17,59450.0,81600.0,467600,37965000000,80000,6528000000,81200.0,81600.0,81000.0,0.0,0.0,0.0
2023-02-20,60330.0,82800.0,1275100,105001000000,454800,39704040000,81600.0,83000.0,81400.0,1200.0,1.47,0.014705882352941124
2023-02-21,60330.0,82800.0,840000,69787000000,0,0,82800.0,83700.0,82600.0,0.0,0.0,0.0
2023-02-22,59600.0,81800.0,747200,61344000000,300000,26550000000,82300.0,82500.0,81800.0,-1000.0,-1.21,-0.012077294685990392
2023-02-23,59310.0,81400.0,1160500,94109000000,9349360,817953000000,81700.0,81700.0,80600.0,-400.0,-0.49,-0.004889975550122272
2023-02-24,58870.0,80800.0,559200,45171000000,311700,27117900000,81100.0,81300.0,80400.0,-600.0,-0.74,-0.0073710073710073765
2023-02-27,58510.0,80300.0,1015400,81340000000,70000,6000000000,80000.0,80500.0,79900.0,-500.0,-0.62,-0.006188118811881194
2023-02-28,58650.0,80500.0,524300,42033000000,438600,37675740000,80000.0,80700.0,79500.0,200.0,0.25,0.00249066002490661
2023-03-01,58650.0,80500.0,1376400,109207000000,111400,9584400000,79500.0,80500.0,78700.0,0.0,0.0,0.0
2023-03-02,58290.0,80000.0,430800,34493000000,1266283,109026966300,80000.0,80500.0,79800.0,-500.0,-0.62,-0.006211180124223614
2023-03-03,57190.0,78500.0,740800,58615000000,0,0,79300.0,80000.0,78500.0,-1500.0,-1.88,-0.018750000000000044
2023-03-06,56980.0,78200.0,817200,64486000000,28000,2349200000,78100.0,79800.0,78100.0,-300.0,-0.38,-0.003821656050955413
2023-03-07,57410.0,78800.0,792000,62762000000,108900,9104040000,79100.0,79900.0,78800.0,600.0,0.77,0.007672634271099765
2023-03-08,57920.0,79500.0,510600,40246000000,564500,47587350000,78500.0,79500.0,78500.0,700.0,0.89,0.008883248730964466
2023-03-09,58720.0,80600.0,640300,51100000000,632900,53796500000,79500.0,80700.0,79200.0,1100.0,1.38,0.01383647798742138
2023-03-10,57920.0,79500.0,640900,50918000000,0,0,80200.0,80400.0,79000.0,-1100.0,-1.36,-0.013647642679900707
2023-03-13,57490.0,78900.0,886500,69895000000,0,0,78100.0,79400.0,78100.0,-600.0,-0.75,-0.007547169811320753
2023-03-14,57340.0,78700.0,427400,33657000000,270000,22788000000,79000.0,79100.0,78500.0,-200.0,-0.25,-0.0025348542458808465
2023-03-15,58650.0,80500.0,691800,55329000000,608400,51227280000,79100.0,80500.0,79100.0,1800.0,2.29,0.02287166454891998
2023-03-16,57700.0,79200.0,850000,67301000000,352200,30324420000,80000.0,80000.0,78400.0,-1300.0,-1.61,-0.016149068322981353
2023-03-17,57560.0,79000.0,429400,34024000000,0,0,79600.0,80000.0,78600.0,-200.0,-0.25,-0.002525252525252486
2023-03-20,56540.0,77600.0,769800,60184000000,647144,54683668000,79100.0,79300.0,77600.0,-1400.0,-1.77,-0.017721518987341756
2023-03-21,56900.0,78100.0,536200,41723000000,423274,35131742000,78600.0,78700.0,77100.0,500.0,0.64,0.006443298969072142
2023-03-22,57190.0,78500.0,610400,47665000000,352140,29403690000,78200.0,78600.0,77600.0,400.0,0.51,0.005121638924455718
2023-03-23,56830.0,78000.0,356600,27754000000,0,0,78400.0,78500.0,77600.0,-500.0,-0.64,-0.006369426751592355
2023-03-24,57270.0,78600.0,366700,28768000000,24000,2001600000,78300.0,78800.0,78000.0,600.0,0.77,0.007692307692307665
2023-03-27,57630.0,79100.0,767200,60584000000,291080,24479828000,78900.0,79200.0,78500.0,500.0,0.64,0.006361323155216203
2023-03-28,57700.0,79200.0,1000400,78937000000,610800,51673680000,79200.0,79200.0,77500.0,100.0,0.13,0.0012642225031604948
2023-03-29,57560.0,79000.0,404500,31927000000,445800,37759260000,79200.0,79300.0,78600.0,-200.0,-0.25,-0.002525252525252486
2023-03-30,57630.0,79100.0,408400,32297000000,559800,47303100000,79000.0,79300.0,78800.0,100.0,0.13,0.0012658227848101333
2023-03-31,57630.0,79100.0,671600,53205000000,1072000,90691200000,79100.0,79500.0,79000.0,0.0,0.0,0.0
2023-04-03,58940.0,80900.0,1170200,93484000000,20000,1692000000,79400.0,80900.0,79100.0,1800.0,2.28,0.022756005056890016
2023-04-04,58650.0,80500.0,584600,47069000000,0,0,80900.0,81000.0,80000.0,-400.0,-0.49,-0.0049443757725586845
2023-04-05,58720.0,80600.0,422000,33807000000,0,0,80500.0,80600.0,79700.0,100.0,0.12,0.001242236024844745
2023-04-06,58510.0,80300.0,612900,49573000000,20012,1724900000,80700.0,81500.0,80300.0,-300.0,-0.37,-0.003722084367245637
2023-04-07,58650.0,80500.0,359800,28871000000,3958578,339306850200,80200.0,80700.0,80000.0,200.0,0.25,0.00249066002490661
2023-04-10,58510.0,80300.0,769800,61952000000,0,0,81000.0,81000.0,80100.0,-200.0,-0.25,-0.00248447204968949
2023-04-11,58510.0,80300.0,534000,42851000000,0,0,80200.0,80500.0,80100.0,0.0,0.0,0.0
2023-04-12,58510.0,80300.0,574700,46080000000,63504,5454993600,80300.0,80500.0,79900.0,0.0,0.0,0.0
2023-04-13,58000.0,79600.0,540500,43120000000,20000,1718000000,80300.0,80400.0,79300.0,-700.0,-0.87,-0.008717310087173136
2023-04-14,58000.0,79600.0,398800,31746000000,163700,13930870000,79900.0,80100.0,79300.0,0.0,0.0,0.0
2023-04-17,58000.0,79600.0,449900,35706000000,173220,14741022000,79600.0,79700.0,79000.0,0.0,0.0,0.0
2023-04-18,57850.0,79400.0,301600,24003000000,31300,2663630000,79600.0,80000.0,79200.0,-200.0,-0.25,-0.002512562814070307
2023-04-19,57780.0,79300.0,419800,33346000000,0,0,79800.0,79800.0,79300.0,-100.0,-0.13,-0.0012594458438287548
2023-04-20,57850.0,79400.0,364400,28969000000,0,0,79800.0,79800.0,79200.0,100.0,0.13,0.0012610340479193294
2023-04-21,57780.0,79300.0,324000,25756000000,59200,4865480000,80000.0,80000.0,79300.0,-100.0,-0.13,-0.0012594458438287548
2023-04-24,57630.0,79100.0,794500,63285000000,0,0,79500.0,80600.0,79000.0,-200.0,-0.25,-0.0025220680958385477
2023-04-25,57120.0,78400.0,540000,42525000000,417240,30708864000,79100.0,79300.0,78300.0,-700.0,-0.88,-0.008849557522123908
2023-04-26,57050.0,78300.0,772000,60202000000,518700,43467060000,78100.0,78400.0,77600.0,-100.0,-0.13,-0.0012755102040816757
2023-04-27,57050.0,78300.0,221000,17331000000,0,0,78100.0,78800.0,78100.0,0.0,0.0,0.0
2023-04-28,56470.0,77500.0,945600,73731000000,10402,870625800,78800.0,78800.0,77500.0,-800.0,-1.02,-0.010217113665389577
2023-05-04,57190.0,78500.0,497200,38922000000,1926668,159720766400,77800.0,78700.0,77600.0,1000.0,1.29,0.012903225806451646
2023-05-05,57120.0,78400.0,319200,25025000000,0,0,78600.0,78600.0,78200.0,-100.0,-0.13,-0.001273885350318471
2023-05-08,57190.0,78500.0,362900,28520000000,450001,37710073000,78500.0,78900.0,78400.0,100.0,0.13,0.0012755102040815647
2023-05-09,57490.0,78900.0,605900,47987000000,0,0,78600.0,79800.0,78600.0,400.0,0.51,0.005095541401273884
2023-05-10,57560.0,79000.0,632500,50152000000,0,0,79000.0,79600.0,79000.0,100.0,0.13,0.0012674271229404788
2023-05-11,57630.0,79100.0,475900,37691000000,25100,2120950000,79100.0,79600.0,79000.0,100.0,0.13,0.0012658227848101333
2023-05-12,58650.0,80500.0,1083100,86444000000,160000,13536000000,79300.0,80600.0,78800.0,1400.0,1.77,0.017699115044247815
2023-05-15,59020.0,81000.0,934700,75903000000,465001,40036581000,81400.0,81800.0,80800.0,500.0,0.62,0.006211180124223503
2023-05-16,59380.0,81500.0,766500,62203000000,603884,51876242400,81000.0,81700.0,80800.0,500.0,0.62,0.006172839506172867
2023-05-17,59380.0,81500.0,976200,79883000000,385000,32796800000,81900.0,82700.0,81100.0,0.0,0.0,0.0
2023-05-18,60400.0,82900.0,1549800,127542000000,0,0,81800.0,83000.0,81400.0,1400.0,1.72,0.01717791411042935
2023-05-19,60330.0,82800.0,1073600,88582000000,980400,86961480000,83000.0,83300.0,81800.0,-100.0,-0.12,-0.0012062726176115257
2023-05-22,60110.0,82500.0,561000,46215000000,38000,2929800000,82800.0,82800.0,82000.0,-300.0,-0.36,-0.0036231884057971175
2023-05-23,59740.0,82000.0,656500,53854000000,437600,38596320000,82500.0,82500.0,81400.0,-500.0,-0.61,-0.0060606060606061
2023-05-24,59230.0,81300.0,464300,37882000000,0,0,82000.0,82100.0,81100.0,-700.0,-0.85,-0.008536585365853666
2023-05-25,60620.0,83200.0,1341300,110773000000,50000,4140000000,81200.0,83400.0,81000.0,1900.0,2.34,0.02337023370233693
2023-05-26,60550.0,83100.0,864400,71733000000,546000,48594000000,83100.0,83400.0,82300.0,-100.0,-0.12,-0.0012019230769231282
2023-05-29,60550.0,83100.0,879600,73245000000,0,0,83500.0,83700.0,82900.0,0.0,0.0,0.0
2023-05-30,61200.0,84000.0,1659100,139048000000,3802900,338077810000,83000.0,84900.0,82900.0,900.0,1.08,0.010830324909747224
2023-05-31,61270.0,84100.0,839400,70383000000,0,0,84200.0,84200.0,83100.0,100.0,0.12,0.0011904761904761862
2023-06-01,60840.0,83500.0,537300,44810000000,590000,50976000000,84000.0,84000.0,83100.0,-600.0,-0.71,-0.007134363852556502
2023-06-02,61060.0,83800.0,735900,61532000000,0,0,83500.0,84300.0,83100.0,300.0,0.36,0.00359281437125758
2023-06-05,61930.0,85000.0,1425500,120535000000,299800,26862080000,83900.0,85200.0,83800.0,1200.0,1.43,0.014319809069212486
2023-06-06,62150.0,85300.0,514000,43682000000,0,0,85300.0,85300.0,84700.0,300.0,0.35,0.003529411764705781
2023-06-07,61930.0,85000.0,705800,59779000000,576146,52544515200,85000.0,85400.0,84300.0,-300.0,-0.35,-0.003516998827667095
2023-06-08,60910.0,83600.0,1244500,104521000000,652580,57549522000,84700.0,84900.0,83500.0,-1400.0,-1.65,-0.016470588235294126
2023-06-09,61640.0,84600.0,680200,57351000000,273400,24441960000,84300.0,84700.0,83700.0,1000.0,1.2,0.011961722488038173
2023-06-12,61860.0,84900.0,519700,43717000000,226000,20453000000,84500.0,84900.0,83600.0,300.0,0.35,0.0035460992907800915
2023-06-13,61490.0,84400.0,466800,39476000000,572301,51964919000,84400.0,84900.0,84300.0,-500.0,-0.59,-0.005889281507656108
2023-06-14,61350.0,84200.0,658600,55555000000,150000,13545000000,84300.0,84800.0,84100.0,-200.0,-0.24,-0.0023696682464454666
2023-06-15,61270.0,84100.0,798600,67047000000,20000,1800000000,84200.0,84400.0,83600.0,-100.0,-0.12,-0.001187648456057011
2023-06-16,61570.0,84500.0,2231500,190102000000,200000,17980000000,84100.0,86200.0,83400.0,400.0,0.48,0.0047562425683709275
2023-06-19,61710.0,84700.0,663200,56311000000,70000,6033000000,84700.0,85500.0,84500.0,200.0,0.24,0.002366863905325367
2023-06-20,62290.0,85500.0,944500,80512000000,621800,54565080000,85000.0,85800.0,84700.0,800.0,0.94,0.009445100354191327
2023-06-21,62510.0,85800.0,705800,60570000000,1959454,179094095600,85500.0,86400.0,85400.0,300.0,0.35,0.0035087719298245723
2023-06-22,62290.0,85500.0,1019700,87103000000,0,0,86100.0,86500.0,84700.0,-300.0,-0.35,-0.0034965034965035446
2023-06-23,62000.0,85100.0,822000,69911000000,734800,67160720000,85600.0,85600.0,84800.0,-400.0,-0.47,-0.004678362573099393
2023-06-26,62510.0,85800.0,859400,73126000000,880403,80116673000,85100.0,85800.0,84600.0,700.0,0.82,0.008225616921269108
2023-06-27,63610.0,87300.0,1540400,133498000000,197400,18121320000,86000.0,87300.0,86000.0,1500.0,1.75,0.0174825174825175
2023-06-28,63390.0,87000.0,964900,84228000000,279900,26142660000,87400.0,87800.0,87000.0,-300.0,-0.34,-0.0034364261168384758
2023-06-29,63020.0,86500.0,562400,48765000000,714700,66467100000,87000.0,87100.0,86500.0,-500.0,-0.57,-0.005747126436781658
2023-06-30,62660.0,86000.0,733500,63279000000,460000,42094000000,86500.0,86600.0,86000.0,-500.0,-0.58,-0.005780346820809301
2023-07-03,62950.0,86400.0,1039600,89737000000,404551,35328330000,86500.0,86800.0,86000.0,400.0,0.47,0.0046511627906977715
2023-07-04,63390.0,87000.0,1328100,114983000000,1,80400,86400.0,87000.0,86200.0,600.0,0.69,0.00694444444444442
2023-07-05,63410.0,74800.0,1787300,134787000000,722920,57833600000,75100.0,76500.0,74800.0,0.0,0.0,-0.14022988505747125
2023-07-06,63240.0,74600.0,1517000,113047000000,284900,22792000000,74800.0,75200.0,74000.0,-200.0,-0.27,-0.002673796791443861
2023-07-07,63830.0,75300.0,896300,67088000000,304400,24291120000,74200.0,75500.0,74200.0,700.0,0.94,0.009383378016085686
2023-07-10,63830.0,75300.0,1154300,86813000000,316000,24314800000,75300.0,75900.0,74900.0,0.0,0.0,0.0
2023-07-11,63580.0,75000.0,1091300,82037000000,968902,77996611000,75300.0,75400.0,75000.0,-300.0,-0.4,-0.003984063745019917
2023-07-12,63830.0,75300.0,904900,68078000000,396000,30726720000,75000.0,75700.0,74900.0,300.0,0.4,0.0040000000000000036
2023-07-13,64260.00000000001,75800.0,1252400,94786000000,102489,8250364500,75800.0,75800.0,75400.0,500.0,0.66,0.006640106241699861
2023-07-14,66370.0,78300.0,2822800,219597000000,0,0,76900.0,78300.0,76100.0,2500.0,3.3,0.03298153034300788
2023-07-17,66970.0,79000.0,1153300,90951000000,94001,6994672900,79000.0,79200.0,78500.0,700.0,0.89,0.008939974457215838
2023-07-18,66710.0,78700.0,718300,56409000000,959100,81043950000,79000.0,79000.0,78100.0,-300.0,-0.38,-0.0037974683544304
2023-07-19,66540.0,78500.0,708600,55657000000,243300,20349860000,78500.0,78900.0,78300.0,-200.0,-0.25,-0.0025412960609910717
2023-07-20,68070.0,80300.0,2294300,184052000000,40007,3356511700,78600.0,81300.0,78500.0,1800.0,2.29,0.02292993630573248
2023-07-21,68660.0,81000.0,1273600,102254000000,100025,8591867500,79700.0,81000.0,79600.0,700.0,0.87,0.008717310087173136
2023-07-24,68660.0,81000.0,1172700,94946000000,5017124,389682669600,81000.0,81300.0,80600.0,0.0,0.0,0.0
2023-07-25,68920.0,81300.0,1056900,86117000000,415314,35966035600,81000.0,82200.0,81000.0,300.0,0.37,0.0037037037037037646
2023-07-26,70100.0,82700.0,1270800,104234000000,121452,10553943600,81200.0,82700.0,81100.0,1400.0,1.72,0.017220172201722006
2023-07-27,70950.0,83700.0,1417700,118750000000,361313,31939921000,82800.0,84400.0,82800.0,1000.0,1.21,0.012091898428053138
2023-07-28,71550.0,84400.0,898400,75207000000,21,1635900,83500.0,84400.0,83100.0,700.0,0.84,0.008363201911588902
2023-07-31,72560.0,85600.0,1471500,125219000000,40827,3686359500,84700.0,85800.0,84400.0,1200.0,1.42,0.014218009478673022
2023-08-01,71630.0,84500.0,1287300,110032000000,150015,13726195500,85600.0,86300.0,84500.0,-1100.0,-1.29,-0.012850467289719614
2023-08-02,70780.0,83500.0,996300,83689000000,530235,47932831000,84500.0,84800.0,83500.0,-1000.0,-1.18,-0.011834319526627168
2023-08-03,70950.0,83700.0,907900,75903000000,100018,8931398600,83800.0,84200.0,82900.0,200.0,0.24,0.0023952095808383866
2023-08-04,70610.0,83300.0,1618900,135203000000,888926,78494575400,84000.0,84500.0,83300.0,-400.0,-0.48,-0.004778972520907976
2023-08-07,71630.0,84500.0,752500,63167000000,18,1395000,83600.0,84500.0,83300.0,1200.0,1.44,0.014405762304922076
2023-08-08,71380.0,84200.0,636000,53539000000,269718,22965091200,84000.0,84600.0,83800.0,-300.0,-0.36,-0.0035502958579881616
2023-08-09,70440.0,83100.0,982700,82131000000,489335,44039744000,84000.0,84700.0,83000.0,-1100.0,-1.31,-0.013064133016627122
2023-08-10,69680.0,82200.0,1343300,110896000000,50030,4447319000,83100.0,83300.0,82200.0,-900.0,-1.08,-0.010830324909747335
2023-08-11,69510.0,82000.0,1142900,93734000000,140462,12346290600,82000.0,83000.0,81500.0,-200.0,-0.24,-0.0024330900243308973
2023-08-14,70020.0,82600.0,1014100,83666000000,14,1068200,82100.0,83200.0,82000.0,600.0,0.73,0.007317073170731714
2023-08-15,71210.0,84000.0,1675600,139129000000,40012,3532922800,82600.0,84300.0,81500.0,1400.0,1.69,0.016949152542372836
2023-08-16,72140.0,85100.0,2595400,219444000000,1610008,135240625600,83200.0,85200.0,83200.0,1100.0,1.31,0.013095238095238049
2023-08-17,72900.0,86000.0,3693800,319142000000,639209,58167912800,85000.0,87200.0,85000.0,900.0,1.06,0.010575793184488758
2023-08-18,72480.0,85500.0,4243700,364302000000,40005,3680400000,85600.0,87900.0,84300.0,-500.0,-0.58,-0.005813953488372103
2023-08-21,72820.0,85900.0,2452800,211086000000,1277418,116755792800,85900.0,86700.0,85500.0,400.0,0.47,0.004678362573099504
2023-08-22,73330.0,86500.0,2330300,198300000000,1483724,136354079600,86300.0,86500.0,83000.0,600.0,0.7,0.006984866123399325
2023-08-23,73330.0,86500.0,1418500,121708000000,3944003,357995141500,86400.0,86800.0,84700.0,0.0,0.0,0.0
2023-08-24,77190.0,90000.0,5251600,465736000000,1056203,89254718800,85500.0,90100.0,85100.0,4500.0,5.26,0.040462427745664664
2023-08-25,77700.0,90600.0,2791400,251240000000,0,0,89500.0,91000.0,89100.0,600.0,0.67,0.006666666666666599
2023-08-28,80620.0,94000.0,2950700,272584000000,594001,56625904300,92000.0,94300.0,91000.0,3400.0,3.75,0.03752759381898452
2023-08-29,80280.0,93600.0,1547400,144492000000,2019400,198828850000,94000.0,94000.0,92800.0,-400.0,-0.43,-0.004255319148936176
2023-08-30,82850.0,96600.0,2360700,226769000000,850400,83822140000,93200.0,98200.0,93100.0,3000.0,3.21,0.03205128205128216
2023-08-31,82930.0,96700.0,1403700,135881000000,240000,24792000000,96600.0,97500.0,96100.0,100.0,0.1,0.0010351966873705098
2023-09-05,83020.0,96800.0,1439600,140261000000,554001,56023690000,97100.0,98700.0,96800.0,100.0,0.1,0.0010341261633919352
2023-09-06,84910.0,99000.0,2491000,242757000000,215401,21318990100,97100.0,99000.0,96300.0,2200.0,2.27,0.022727272727272707
2023-09-07,83960.0,97900.0,3249600,320071000000,391501,40691930100,99000.0,100800.0,97600.0,-1100.0,-1.11,-0.011111111111111072
2023-09-08,83710.0,97600.0,2115600,206425000000,519999,52034533720,97500.0,98500.0,97000.0,-300.0,-0.31,-0.003064351378958108
2023-09-11,83530.0,97400.0,5149800,497861000000,730010,73207673000,98700.0,99500.0,95300.0,-200.0,-0.2,-0.002049180327868827
2023-09-12,84820.0,98900.0,2680700,263156000000,1207213,120531025800,97400.0,98900.0,97400.0,1500.0,1.54,0.015400410677617993
2023-09-13,84050.0,98000.0,2889300,283559000000,1886820,188724997200,98900.0,99000.0,97400.0,-900.0,-0.91,-0.009100101112234582
2023-09-14,82250.0,95900.0,2319700,224153000000,865000,86646800000,98000.0,98000.0,95500.0,-2100.0,-2.14,-0.021428571428571463
2023-09-15,83620.0,97500.0,2134800,204891000000,668200,66304760000,96000.0,97800.0,95300.0,1600.0,1.67,0.016684045881126153
2023-09-18,83110.0,96900.0,2026900,194919000000,622600,62358400000,96900.0,96900.0,95700.0,-600.0,-0.62,-0.006153846153846176
2023-09-19,84390.0,98400.0,3583600,348695000000,812200,80301420000,96800.0,98400.0,95900.0,1500.0,1.55,0.015479876160990669
2023-09-20,84480.0,98500.0,2444800,242101000000,218700,21679652000,98800.0,99700.0,98500.0,100.0,0.1,0.00101626016260159
2023-09-21,83020.0,96800.0,3419000,332932000000,1013900,102077450000,98500.0,98900.0,96300.0,-1700.0,-1.73,-0.017258883248730927
2023-09-22,82930.0,96700.0,6861000,652896000000,947600,93128100000,95100.0,97000.0,92600.0,-100.0,-0.1,-0.0010330578512396382
2023-09-25,80880.0,94300.0,2097100,200460000000,1053880,102484642000,97000.0,97600.0,94300.0,-2400.0,-2.48,-0.024819027921406445
2023-09-26,80190.0,93500.0,2154100,203182000000,413900,39799102000,94200.0,95500.0,93100.0,-800.0,-0.85,-0.008483563096500557
2023-09-27,80880.0,94300.0,4510400,414052000000,690001,60197487000,93900.0,94300.0,90400.0,800.0,0.86,0.00855614973262031
2023-09-28,80620.0,94000.0,1764400,163914000000,342400,32620032000,94100.0,94300.0,91400.0,-300.0,-0.32,-0.0031813361611876534
2023-09-29,79590.0,92800.0,1635300,153165000000,1706700,157205800000,94000.0,94900.0,92800.0,-1200.0,-1.28,-0.012765957446808529
2023-10-02,79930.0,93200.0,1137500,105610000000,400640,35086896000,93400.0,93800.0,92000.0,400.0,0.43,0.004310344827586299
2023-10-03,79070.0,92200.0,2006900,184901000000,841700,79840600000,92200.0,93500.0,91500.0,-1000.0,-1.07,-0.010729613733905574
2023-10-04,79330.0,92500.0,1591700,147146000000,1076501,101123661800,91300.0,93400.0,91300.0,300.0,0.33,0.0032537960954446277
2023-10-05,78560.0,91600.0,1369100,126239000000,110000,10236000000,92800.0,93300.0,91600.0,-900.0,-0.97,-0.009729729729729741
2023-10-06,79500.0,92700.0,1147700,105538000000,191900,18071292000,91500.0,92800.0,91000.0,1100.0,1.2,0.012008733624454093
2023-10-09,81990.0,95600.0,3657000,345624000000,1317000,124818400000,92400.0,95600.0,92200.0,2900.0,3.13,0.031283710895361416
2023-10-10,82590.0,96300.0,3255500,313368000000,2552600,241726297000,96500.0,97200.0,95400.0,700.0,0.73,0.007322175732217495
2023-10-11,83190.0,97000.0,2358200,228528000000,563600,54812840000,95900.0,98000.0,95900.0,700.0,0.73,0.007268951194184803
2023-10-12,82680.0,96400.0,1881200,182578000000,318100,30870480000,97000.0,97800.0,96000.0,-600.0,-0.62,-0.006185567010309256
2023-10-13,82420.0,96100.0,2362100,226457000000,607900,59152370000,96000.0,96300.0,95300.0,-300.0,-0.31,-0.003112033195020736
2023-10-16,83020.0,96800.0,4974600,485901000000,1997800,195188358000,96800.0,98900.0,96300.0,700.0,0.73,0.007284079084287187
2023-10-17,79850.0,93100.0,2420100,231904000000,323300,31498650000,97800.0,97800.0,93100.0,-3700.0,-3.82,-0.038223140495867725
2023-10-18,79760.0,93000.0,6142800,571080000000,1759900,164945856000,94900.0,94900.0,91000.0,-100.0,-0.11,-0.0010741138560687036
2023-10-19,78900.0,92000.0,3029400,282924000000,2722177,255929573000,94000.0,94300.0,92000.0,-1000.0,-1.08,-0.010752688172043001
2023-10-20,79670.0,92900.0,2863200,261949000000,1005275,93699400000,92500.0,93000.0,90100.0,900.0,0.98,0.009782608695652284
2023-10-23,78050.0,91000.0,1971700,181475000000,732802,68733372800,93800.0,93800.0,90800.0,-1900.0,-2.05,-0.020452099031216364
2023-10-24,78900.0,92000.0,1612400,147890000000,1088304,100330210200,92400.0,92400.0,90800.0,1000.0,1.1,0.01098901098901095
2023-10-25,77960.0,90900.0,1836500,168691000000,734200,68308872000,91800.0,92700.0,90900.0,-1100.0,-1.2,-0.011956521739130421
2023-10-26,74440.0,86800.0,5909500,516333000000,189425,17298212000,88300.0,89900.0,86000.0,-4100.0,-4.51,-0.04510451045104513
2023-10-27,74610.0,87000.0,2034800,177066000000,440000,38613800000,87500.0,88000.0,86300.0,200.0,0.23,0.0023041474654377225
2023-10-30,72900.0,85000.0,1869500,160890000000,117800,10538200000,87000.0,87100.0,85000.0,-2000.0,-2.3,-0.02298850574712641
2023-10-31,71180.0,83000.0,3087200,259427000000,0,0,85100.0,85300.0,83000.0,-2000.0,-2.35,-0.02352941176470591
2023-11-01,73240.0,85400.0,2175200,182351000000,2877301,238104317200,84300.0,85400.0,82600.0,2400.0,2.89,0.028915662650602414
2023-11-02,76330.0,89000.0,2204000,192572000000,1535300,122472890000,86400.0,89000.0,85900.0,3600.0,4.22,0.042154566744730726
2023-11-03,74610.0,87000.0,4842300,423054000000,606805,57370811700,89000.0,89200.0,87000.0,-2000.0,-2.25,-0.022471910112359605
2023-11-06,75900.0,88500.0,1210100,106952000000,785975,73095675000,88200.0,88900.0,87800.0,1500.0,1.72,0.01724137931034475
2023-11-07,75730.0,88300.0,1340200,118289000000,0,0,88500.0,88800.0,87900.0,-200.0,-0.23,-0.002259887005649719
2023-11-08,79420.0,92600.0,2943200,266075000000,1017900,96089760000,88200.0,92600.0,88000.0,4300.0,4.87,0.04869762174405445
2023-11-09,79330.0,92500.0,2110200,195362000000,900600,89159400000,92000.0,93300.0,91800.0,-100.0,-0.11,-0.001079913606911398
2023-11-10,78470.0,91500.0,2406500,220831000000,546301,53030342100,91500.0,92700.0,91300.0,-1000.0,-1.08,-0.010810810810810811
2023-11-13,78390.0,91400.0,1532100,139745000000,477400,45809170000,91600.0,92000.0,90500.0,-100.0,-0.11,-0.0010928961748634114
2023-11-14,79420.0,92600.0,1997800,184110000000,208500,20049345000,92000.0,93400.0,91300.0,1200.0,1.31,0.013129102844638973
2023-11-15,79250.0,92400.0,2417600,225036000000,491701,48166386200,93700.0,93800.0,92000.0,-200.0,-0.22,-0.002159827213822907
2023-11-16,79760.0,93000.0,1906300,176137000000,250101,24501246000,92200.0,93000.0,91600.0,600.0,0.65,0.006493506493506551
2023-11-17,78050.0,91000.0,3567900,326823000000,283400,27958300000,93400.0,93500.0,90600.0,-2000.0,-2.15,-0.021505376344086002
2023-11-20,77790.0,90700.0,1656500,150719000000,558100,52885000000,90100.0,92600.0,89100.0,-300.0,-0.33,-0.003296703296703285
2023-11-21,78820.0,91900.0,1460700,133263000000,192700,18691900000,92000.0,92000.0,90700.0,1200.0,1.32,0.013230429988974723
2023-11-22,79760.0,93000.0,3271700,303189000000,122600,11854545000,91900.0,93100.0,91900.0,1100.0,1.2,0.01196953210010876
2023-11-23,77870.0,90800.0,2165700,200315000000,465800,45939100000,93300.0,93700.0,90800.0,-2200.0,-2.37,-0.023655913978494647
2023-11-24,78220.0,91200.0,2248500,204903000000,252400,23790550000,90800.0,92000.0,90200.0,400.0,0.44,0.004405286343612369
2023-11-27,77790.0,90700.0,1659500,150416000000,522300,50596650000,91400.0,91400.0,90100.0,-500.0,-0.55,-0.005482456140350922
2023-11-28,78130.0,91100.0,1090700,98661000000,1948100,180583315000,90800.0,91900.0,89900.0,400.0,0.44,0.004410143329658167
2023-11-29,78650.0,91700.0,801500,73287000000,133300,12983420000,91600.0,92000.0,91100.0,600.0,0.66,0.00658616904500553
2023-11-30,78820.0,91900.0,1982400,183126000000,867700,84965750000,91400.0,93700.0,91300.0,200.0,0.22,0.0021810250817884125
2023-12-01,79250.0,92400.0,1190800,109607000000,684517,67288021100,92200.0,92900.0,91300.0,500.0,0.54,0.005440696409140466
2023-12-04,80280.0,93600.0,3462300,323128000000,214103,19756492000,92600.0,94000.0,92600.0,1200.0,1.3,0.01298701298701288
2023-12-05,81300.0,94800.0,3590200,340743000000,81500,7721500000,93800.0,95800.0,93700.0,1200.0,1.28,0.012820512820512775
2023-12-06,81480.0,95000.0,1220700,115606000000,885400,89618920000,95000.0,95400.0,94100.0,200.0,0.21,0.0021097046413502962
2023-12-07,80880.0,94300.0,3761200,352100000000,1279730,129834568000,95100.0,95300.0,92800.0,-700.0,-0.74,-0.00736842105263158
2023-12-08,80790.0,94200.0,1745800,164616000000,218370,21885443000,94300.0,95100.0,93500.0,-100.0,-0.11,-0.0010604453870625141
2023-12-11,81480.0,95000.0,1564500,148856000000,257300,25910110000,95500.0,95700.0,94600.0,800.0,0.85,0.00849256900212314
2023-12-12,83020.0,96800.0,4084900,393398000000,1218188,123226580800,95400.0,96800.0,95300.0,1800.0,1.89,0.0189473684210526
2023-12-13,81650.0,95200.0,2148100,206460000000,2545369,263445691500,97400.0,97400.0,95200.0,-1600.0,-1.65,-0.016528925619834656
2023-12-14,82510.0,96200.0,1712300,163967000000,4414536,446882545000,95800.0,96400.0,95200.0,1000.0,1.05,0.010504201680672232
2023-12-15,82510.0,96200.0,1474300,141250000000,915101,94163879500,96200.0,96300.0,95000.0,0.0,0.0,0.0
2023-12-18,80620.0,94000.0,2266500,214399000000,4293400,418528100000,95900.0,96200.0,93700.0,-2200.0,-2.29,-0.022869022869022815
2023-12-19,81130.0,94600.0,1250400,117521000000,910923,90786281500,93900.0,94600.0,93600.0,600.0,0.64,0.006382978723404209
2023-12-20,81220.0,94700.0,1349500,127490000000,3667000,353814180000,94300.0,95000.0,94100.0,100.0,0.11,0.0010570824524311906
2023-12-21,81560.0,95100.0,1756800,165881000000,225442,22837274600,94600.0,95100.0,94000.0,400.0,0.42,0.004223864836325308
2023-12-22,81130.0,94600.0,1275400,120765000000,445900,45348030000,95000.0,95100.0,94400.0,-500.0,-0.53,-0.00525762355415349
2023-12-25,82330.0,96000.0,2017000,193001000000,722800,66219600000,94900.0,96200.0,94800.0,1400.0,1.48,0.014799154334038
2023-12-26,83360.0,97200.0,3359900,327874000000,330001,32120089300,96500.0,98600.0,96400.0,1200.0,1.25,0.012499999999999956
2023-12-27,83110.0,96900.0,1355900,131870000000,935800,97323200000,97400.0,97800.0,96900.0,-300.0,-0.31,-0.0030864197530864335
2023-12-28,82850.0,96600.0,1196600,115551000000,394600,39389560000,97000.0,97000.0,96300.0,-300.0,-0.31,-0.003095975232198178
2023-12-29,82420.0,96100.0,1866600,180080000000,572925,59183152500,96600.0,97000.0,96100.0,-500.0,-0.52,-0.005175983436852993
2024-01-02,82250.0,95900.0,1714500,164846000000,503277,51736862200,96900.0,96900.0,95700.0,-200.0,-0.21,-0.002081165452653466
2024-01-03,82590.0,96300.0,1436900,137664000000,122000,11699800000,95600.0,96500.0,95400.0,400.0,0.42,0.004171011470281538
2024-01-04,83360.0,97200.0,2973900,289657000000,26700,2571210000,96300.0,98400.0,96200.0,900.0,0.93,0.009345794392523255
2024-01-05,83530.0,97400.0,1138600,110465000000,362700,36610780000,97300.0,97500.0,96500.0,200.0,0.21,0.002057613168724215
2024-01-08,83450.0,97300.0,1443000,140899000000,110400,11503680000,97400.0,98300.0,97100.0,-100.0,-0.1,-0.0010266940451745254
2024-01-09,82850.0,96600.0,1211700,117322000000,603300,62803530000,97300.0,97300.0,96600.0,-700.0,-0.72,-0.007194244604316502
2024-01-10,81220.0,94700.0,3302500,315299000000,507500,52424750000,96700.0,96900.0,94500.0,-1900.0,-1.97,-0.019668737060041352
2024-01-11,81480.0,95000.0,1370900,130218000000,201500,20411950000,94700.0,95400.0,94700.0,300.0,0.32,0.0031678986272438703
2024-01-12,81220.0,94700.0,2597000,245361000000,140500,13515800000,94800.0,95600.0,94100.0,-300.0,-0.32,-0.0031578947368421373
2024-01-15,81820.0,95400.0,1312200,125174000000,795779,77595169900,95000.0,95900.0,94900.0,700.0,0.74,0.007391763463569179
2024-01-16,82080.0,95700.0,810000,77064000000,381900,38953800000,94700.0,95700.0,94700.0,300.0,0.31,0.003144654088050425
2024-01-17,82080.0,95700.0,1414000,135025000000,654500,66955350000,95600.0,96000.0,95000.0,0.0,0.0,0.0
2024-01-18,81990.0,95600.0,1136900,108764000000,491400,50270220000,95700.0,96000.0,95200.0,-100.0,-0.1,-0.0010449320794148065
2024-01-19,82590.0,96300.0,1493200,143657000000,646200,63744840000,96000.0,96900.0,95700.0,700.0,0.73,0.007322175732217495
2024-01-22,82680.0,96400.0,1108000,106616000000,113800,11721400000,96800.0,96800.0,95800.0,100.0,0.1,0.0010384215991692258
2024-01-23,81990.0,95600.0,1480400,141719000000,2681310,276443061000,96100.0,96400.0,95400.0,-800.0,-0.83,-0.008298755186721962
2024-01-24,81480.0,95000.0,1722100,164001000000,942700,96343940000,95800.0,95800.0,94900.0,-600.0,-0.63,-0.006276150627615107
2024-01-25,81560.0,95100.0,845100,80370000000,656900,64252840000,95100.0,95700.0,94800.0,100.0,0.11,0.001052631578947416
2024-01-26,82250.0,95900.0,925400,88602000000,545030,55242051000,95500.0,96200.0,95300.0,800.0,0.84,0.008412197686645584
2024-01-29,82250.0,95900.0,1060700,101453000000,1815800,185561880000,95900.0,96100.0,95300.0,0.0,0.0,0.0
2024-01-30,81990.0,95600.0,949000,90719000000,327438,33595138800,95900.0,95900.0,95400.0,-300.0,-0.31,-0.0031282586027111536
2024-01-31,82080.0,95700.0,1381500,132211000000,952896,94729471200,95600.0,96000.0,95500.0,100.0,0.1,0.0010460251046024993
2024-02-01,85680.0,99900.0,7793700,769265000000,429400,43582660000,95900.0,99900.0,95700.0,4200.0,4.39,0.043887147335423204
2024-02-02,87480.0,102000.0,2876100,291827000000,972400,103852320000,100200.0,102200.0,100100.0,2100.0,2.1,0.021021021021021102
2024-02-05,88770.0,103500.0,2694400,278085000000,295300,32217230000,102000.0,104100.0,101900.0,1500.0,1.47,0.014705882352941124
2024-02-06,89280.0,104100.0,1884300,195588000000,1729600,188129220000,103600.0,105000.0,102900.0,600.0,0.58,0.005797101449275255
2024-02-07,89970.0,104900.0,2125400,222218000000,300500,33445650000,104700.0,105000.0,103900.0,800.0,0.77,0.007684918347742542
2024-02-15,89190.0,104000.0,2248400,234699000000,1247220,139938084000,105200.0,105500.0,103800.0,-900.0,-0.86,-0.008579599618684486
2024-02-16,90140.0,105100.0,2066000,215442000000,292100,32321720000,104000.0,105100.0,103800.0,1100.0,1.06,0.01057692307692304
2024-02-19,90050.0,105000.0,2031800,215096000000,936300,101444120000,105500.0,107000.0,105000.0,-100.0,-0.1,-0.0009514747859181716
2024-02-20,89450.0,104300.0,1844300,192681000000,2040000,229092000000,105200.0,105200.0,104000.0,-700.0,-0.67,-0.00666666666666671
2024-02-21,90820.0,105900.0,3137500,328043000000,768300,85266280000,104000.0,106900.0,103500.0,1600.0,1.53,0.015340364333652934
2024-02-22,89710.0,104600.0,1718700,180290000000,492564,55807486400,105900.0,106000.0,104600.0,-1300.0,-1.23,-0.01227573182247399
2024-02-23,89110.0,103900.0,4103500,431110000000,1054540,118003026000,105500.0,106700.0,103300.0,-700.0,-0.67,-0.006692160611854736
2024-02-26,92630.0,108000.0,4466700,473976000000,507000,52410900000,103900.0,108000.0,103500.0,4100.0,3.95,0.039461020211742026
2024-02-27,92540.0,107900.0,2800800,303856000000,1596400,184384200000,108500.0,109500.0,107400.0,-100.0,-0.09,-0.0009259259259258856
2024-02-28,93050.0,108500.0,3461700,370686000000,1592200,176917480000,108000.0,108500.0,106300.0,600.0,0.56,0.005560704355885182
2024-02-29,93480.0,109000.0,2824800,306116000000,149301,17318901000,108200.0,109400.0,107700.0,500.0,0.46,0.004608294930875667
2024-03-01,95030.0,110800.0,4019400,445121000000,942000,106075200000,109200.0,111400.0,109100.0,1800.0,1.65,0.016513761467889854
2024-03-04,95540.0,111400.0,3087100,343323000000,74500,8828250000,111000.0,111800.0,110800.0,600.0,0.54,0.005415162454873723
2024-03-05,94940.0,110700.0,3383000,373765000000,1328118,157601353800,111400.0,111400.0,109900.0,-700.0,-0.63,-0.006283662477558294
2024-03-06,93480.0,109000.0,2491100,273053000000,185700,21455308000,110000.0,110400.0,108700.0,-1700.0,-1.54,-0.015356820234869062
2024-03-07,95460.0,111300.0,4037600,445716000000,1212150,137108030000,109100.0,113900.0,108200.0,2200.0,2.02,0.02110091743119269
2024-03-08,94340.0,110000.0,3115600,344121000000,234800,27941200000,111300.0,112600.0,109500.0,-1300.0,-1.17,-0.011680143755615435
2024-03-11,94340.0,110000.0,3381500,376115000000,701750,82595975000,110000.0,113500.0,110000.0,0.0,0.0,0.0
2024-03-12,95970.0,111900.0,2907800,325455000000,220000,25894000000,110000.0,113500.0,110000.0,1900.0,1.73,0.01727272727272733
2024-03-13,100340.0,117000.0,5114200,588112000000,0,0,112800.0,117000.0,112000.0,5100.0,4.56,0.04557640750670244
2024-03-14,100340.0,117000.0,3463000,405682000000,2752401,344325348900,118500.0,118500.0,115700.0,0.0,0.0,0.0
2024-03-15,99490.0,116000.0,3838400,443873000000,851700,106547670000,116800.0,116800.0,114500.0,-1000.0,-0.85,-0.008547008547008517
2024-03-18,96910.0,113000.0,5884600,665117000000,2011900,249676790000,115800.0,115800.0,111100.0,-3000.0,-2.59,-0.025862068965517238
2024-03-19,96060.0,112000.0,3315400,370889000000,748800,89771760000,113000.0,113000.0,111100.0,-1000.0,-0.88,-0.008849557522123908
2024-03-20,98200.0,114500.0,3475700,392253000000,388900,45449070000,112300.0,115000.0,111100.0,2500.0,2.23,0.022321428571428603
2024-03-21,99660.0,116200.0,3757800,434055000000,480700,57527050000,115200.0,116200.0,114600.0,1700.0,1.48,0.014847161572052459
2024-03-22,98540.0,114900.0,2414800,278387000000,438177,54360754900,116300.0,116300.0,114500.0,-1300.0,-1.12,-0.011187607573149738
2024-03-25,97770.0,114000.0,2794400,319234000000,207801,23508086900,114100.0,115100.0,113800.0,-900.0,-0.78,-0.007832898172323799
2024-03-26,98630.0,115000.0,1693300,193338000000,1416990,172345941000,114000.0,115500.0,113600.0,1000.0,0.88,0.00877192982456143
2024-03-27,98800.0,115200.0,1320200,151372000000,147600,17536960000,114700.0,115300.0,114100.0,200.0,0.17,0.0017391304347826875
2024-03-28,100430.0,117100.0,2803200,327411000000,51200,6307840000,115900.0,117400.0,115300.0,1900.0,1.65,0.01649305555555558
2024-03-29,99920.0,116500.0,1343500,156545000000,1250800,153876720000,116400.0,117200.0,116000.0,-600.0,-0.51,-0.005123825789923098
2024-04-01,100170.0,116800.0,1974600,229434000000,1269000,157631400000,116000.0,117600.0,115200.0,300.0,0.26,0.0025751072961373023
2024-04-02,100340.0,117000.0,2285800,265370000000,459700,57416530000,115400.0,117000.0,115400.0,200.0,0.17,0.001712328767123239
2024-04-03,98710.0,115100.0,2549000,295493000000,326000,40782600000,116100.0,117000.0,115100.0,-1900.0,-1.62,-0.016239316239316293
2024-04-04,97770.0,114000.0,2359500,270720000000,570500,70228550000,115000.0,115800.0,114000.0,-1100.0,-0.96,-0.009556907037358786
2024-04-05,97510.0,113700.0,2759000,312859000000,81844,9976783600,113100.0,114700.0,112600.0,-300.0,-0.26,-0.0026315789473684292
2024-04-08,96570.0,112600.0,1952000,220502000000,0,0,113700.0,113700.0,112600.0,-1100.0,-0.97,-0.009674582233949014
2024-04-09,96910.0,113000.0,1432500,161738000000,0,0,112600.0,113200.0,112500.0,400.0,0.36,0.003552397868561208
2024-04-10,97600.0,113800.0,1791100,204637000000,190920,23082228000,113500.0,115600.0,113300.0,800.0,0.71,0.0070796460176991705
2024-04-11,98540.0,114900.0,1549400,177683000000,73900,8993630000,113500.0,115400.0,113300.0,1100.0,0.97,0.009666080843585334
2024-04-12,99060.0,115500.0,1367300,157333000000,495220,59182538000,115900.0,115900.0,114300.0,600.0,0.52,0.005221932114882533
2024-04-15,95710.0,111600.0,3701900,418743000000,587400,72543900000,115500.0,115600.0,111500.0,-3900.0,-3.38,-0.03376623376623378
2024-04-16,96910.0,113000.0,3642700,408786000000,880500,105131700000,112000.0,113200.0,111500.0,1400.0,1.25,0.012544802867383575
2024-04-17,95880.0,111800.0,1943300,218044000000,972500,117575250000,113100.0,113100.0,111600.0,-1200.0,-1.06,-0.010619469026548645
2024-04-19,93480.0,109000.0,5361100,589379000000,2490000,297804000000,110500.0,111200.0,109000.0,-2800.0,-2.5,-0.025044722719141377
2024-04-22,94600.0,110300.0,2397300,264104000000,107918,12583238800,110000.0,111400.0,108900.0,1300.0,1.19,0.01192660550458724
2024-04-23,96310.0,112300.0,4037600,451063000000,196100,21638300000,110900.0,113300.0,109900.0,2000.0,1.81,0.01813236627379866
2024-04-24,103000.0,120100.0,10158700,1204720000000,787000,94518700000,113600.0,120100.0,113200.0,7800.0,6.95,0.06945681211041843
2024-04-25,105660.0,123200.0,5707700,708164000000,3387800,435102300000,122500.0,128000.0,121900.0,3100.0,2.58,0.025811823480432983
2024-04-26,105660.0,123200.0,3396500,419623000000,2656500,350126700000,123000.0,125400.0,122200.0,0.0,0.0,0.0
2024-05-02,109180.0,127300.0,3469300,439885000000,3418700,450584660000,123800.0,129000.0,123500.0,4100.0,3.33,0.03327922077922074
2024-05-03,107980.0,125900.0,3191200,403104000000,0,0,128100.0,128400.0,125600.0,-1400.0,-1.1,-0.010997643362136711
2024-05-06,109440.0,127600.0,2704600,341473000000,0,0,126500.0,127600.0,124500.0,1700.0,1.35,0.01350277998411431
2024-05-07,112610.0,131300.0,3122800,406192000000,0,0,128000.0,131600.0,127200.0,3700.0,2.9,0.028996865203761768
2024-05-08,112350.0,131000.0,3017800,392617000000,759700,104940765000,130100.0,131000.0,129300.00000000001,-300.0,-0.23,-0.0022848438690022954
2024-05-09,111750.0,130300.00000000001,2203300,288297000000,838300,111354392000,130600.0,132800.0,130000.0,-700.0,-0.53,-0.005343511450381588
2024-05-10,112350.0,131000.0,3789700,494172000000,0,0,131300.0,132200.0,129199.99999999999,700.0,0.54,0.005372217958557135
2024-05-13,111240.0,129699.99999999999,1852200,240663000000,2508000,336623500000,131300.0,131500.0,128800.00000000001,-1300.0,-0.99,-0.009923664122137521
2024-05-14,111920.0,130500.0,2304600,300958000000,847300,113190807000,130000.0,131700.0,129600.0,800.0,0.62,0.006168080185042557
2024-05-15,115010.0,134100.0,3653100,485070000000,1044600,139801132000,131500.0,134500.0,131300.0,3600.0,2.76,0.02758620689655178
2024-05-16,116120.0,135400.0,3119000,423780000000,924900,119984120000,135600.0,137300.0,134200.0,1300.0,0.97,0.009694258016405666
2024-05-17,115350.0,134500.0,2306400,310275000000,642601,86429166000,135400.0,136000.0,133700.0,-900.0,-0.66,-0.006646971935007406
2024-05-20,114070.0,133000.0,2013500,270495000000,1130000,152859000000,135200.0,136100.0,133000.0,-1500.0,-1.12,-0.01115241635687736
2024-05-21,116640.0,136000.0,3471900,467061000000,734400,99446604000,134000.0,136000.0,133500.0,3000.0,2.26,0.022556390977443552
2024-05-22,118350.0,138000.0,4511800,621721000000,2620600,348750140000,137900.0,139700.0,136100.0,2000.0,1.47,0.014705882352941124
2024-05-23,117930.0,137500.0,3621500,493717000000,100000,13800000000,137500.0,137800.0,135000.0,-500.0,-0.36,-0.0036231884057971175
2024-05-24,113120.0,131900.0,13375600,1782682000000,759001,102558277900,138000.0,138000.0,130600.0,-5600.0,-4.07,-0.04072727272727272
2024-05-27,113890.0,132800.0,5157800,682267000000,963300,126563400000,133000.0,133500.0,130600.0,900.0,0.68,0.006823351023502733
2024-05-28,117500.0,137000.0,4625300,623833000000,794200,104246000000,134000.0,137000.0,133100.0,4200.0,3.16,0.031626506024096335
2024-05-29,116380.0,135700.0,5837600,793587000000,270000,37230000000,137100.0,138200.0,134800.0,-1300.0,-0.95,-0.00948905109489051
2024-05-30,115780.0,135000.0,7261300,965211000000,40000,5368000000,133800.0,135000.0,131900.0,-700.0,-0.52,-0.005158437730287346
2024-05-31,115440.0,134600.0,2633500,354488000000,63100,8483970000,135000.0,136800.0,133800.0,-400.0,-0.3,-0.002962962962962945
2024-06-03,117410.0,136900.0,7773600,1062261000000,0,0,135000.0,137600.0,134700.0,2300.0,1.71,0.017087667161961306
2024-06-04,119300.0,139100.0,7009800,973897000000,40000,5516000000,139000.0,139300.0,137800.0,2200.0,1.61,0.016070124178232392
2024-06-05,120160.0,140100.0,6321600,895476000000,20201,2828129400,140000.0,144900.0,139700.0,1000.0,0.72,0.007189072609633307
2024-06-06,119730.0,139600.0,5211800,731829000000,20000,2606000000,140300.0,141700.0,138800.0,-500.0,-0.36,-0.0035688793718772205
2024-06-07,121780.0,142000.0,3756900,530586000000,169700,23971559000,141000.0,142000.0,140500.0,2400.0,1.72,0.017191977077363862
2024-06-10,123500.0,144000.0,3775400,542408000000,0,0,143500.0,145000.0,143000.0,2000.0,1.41,0.014084507042253502
2024-06-11,125640.0,146500.0,6327300,915257000000,2091200,320861800000,144300.0,146500.0,143100.0,2500.0,1.74,0.01736111111111116
2024-06-12,131090.0,132000.0,11215500,1464082000000,0,0,127900.0,132700.0,127800.0,5480.0,4.33,-0.0989761092150171
2024-06-13,129100.0,130000.0,8136200,1066858000000,540000,70860000000,133700.0,133800.0,130000.0,-2000.0,-1.52,-0.015151515151515138
2024-06-14,130100.0,131000.0,6406200,834853000000,201000,26176000000,130100.0,132600.0,129000.0,1000.0,0.77,0.007692307692307665
2024-06-17,127910.0,128800.00000000001,4867600,631221000000,0,0,131000.0,131400.0,128500.0,-2200.0,-1.68,-0.016793893129770865
2024-06-18,127120.0,128000.0,6680000,860576000000,256800,33295314000,128800.00000000001,129699.99999999999,128000.0,-800.0,-0.62,-0.006211180124223725
2024-06-19,130590.0,131500.0,9669200,1249784000000,600000,71642000000,128000.0,132800.0,126600.0,3500.0,2.73,0.02734375
2024-06-20,132380.0,133300.0,10465700,1404641000000,595000,73037500000,133000.0,135700.0,131800.0,1800.0,1.37,0.013688212927756682
2024-06-21,135160.0,136100.0,7653300,1034712000000,0,0,133900.0,136100.0,133300.0,2800.0,2.1,0.021005251312828266
2024-06-24,131190.0,132100.0,13186900,1762003000000,1204000,174120200000,135000.0,135500.0,132000.0,-4000.0,-2.94,-0.029390154298310045
2024-06-25,129100.0,130000.0,13706800,1776774000000,343343,44634590000,131000.0,131100.0,128600.0,-2100.0,-1.59,-0.015897047691143085
2024-06-26,130889.99999999999,131800.0,7147400,932098000000,38000,5050200000,131000.0,131800.0,129400.0,1800.0,1.38,0.013846153846153841
2024-06-27,131880.0,132800.0,6403700,847765000000,124000,15364400000,131300.0,134100.0,130800.00000000001,1000.0,0.76,0.007587253414264028
2024-06-28,129600.0,130500.0,6633000,873567000000,0,0,132800.0,132800.0,130400.0,-2300.0,-1.73,-0.017319277108433728
2024-07-01,127710.0,128600.0,6376000,822641000000,78000,10888800000,130400.0,130400.0,128500.0,-1900.0,-1.46,-0.014559386973180044
2024-07-02,127120.0,128000.0,6720600,873661000000,839401,109689725600,128600.0,132100.0,127500.0,-600.0,-0.47,-0.004665629860031051
2024-07-03,130100.0,131000.0,7634100,1005103000000,250001,32915119100,130500.0,132800.0,130100.0,3000.0,2.34,0.0234375
2024-07-04,134860.0,135800.0,8117900,1088488000000,0,0,132100.0,135800.0,132100.0,4800.0,3.66,0.03664122137404591
2024-07-05,137740.0,138700.0,7789400,1078089000000,20000,2760000000,136100.0,139700.0,136100.0,2900.0,2.14,0.02135493372606767
2024-07-08,138640.0,139600.0,5865700,814734000000,240000,33333600000,138500.0,139600.0,137500.0,900.0,0.65,0.006488824801730297
2024-07-09,136550.0,137500.0,9676100,1327023000000,20000,2740000000,139100.0,139300.0,136000.0,-2100.0,-1.5,-0.015042979942693435
2024-07-10,133080.0,134000.0,6294700,853168000000,43000,5856660000,136000.0,137000.0,134000.0,-3500.0,-2.55,-0.025454545454545507
2024-07-11,132080.0,133000.0,6842100,913790000000,40000,5374000000,134100.0,135400.0,132500.0,-1000.0,-0.75,-0.007462686567164201
2024-07-12,132880.0,133800.0,3553400,476050000000,36600,4903302000,132200.0,136000.0,132200.0,800.0,0.6,0.006015037593984918
2024-07-15,131780.0,132700.0,3067200,408778000000,0,0,133500.0,134800.0,132300.0,-1100.0,-0.82,-0.008221225710014934
2024-07-16,133080.0,134000.0,4002300,533549000000,349900,46603777000,133600.0,134500.0,132300.0,1300.0,0.98,0.009796533534287777
2024-07-17,130990.00000000001,131900.0,6970100,921795000000,0,0,134000.0,134100.0,129900.0,-2100.0,-1.57,-0.015671641791044744
2024-07-18,127020.0,127900.0,10800200,1391942000000,25001,3300122700,131400.0,131400.0,127800.0,-4000.0,-3.03,-0.030326004548900665
2024-07-19,125130.0,126000.0,6551700,832650000000,0,0,128600.0,129300.00000000001,126000.0,-1900.0,-1.49,-0.014855355746677068
2024-07-22,123240.0,124100.0,6216900,772289000000,0,0,126000.0,126000.0,123200.0,-1900.0,-1.51,-0.015079365079365026
2024-07-23,124630.0,125500.0,5311600,672732000000,100000,11550000000,124900.0,127500.0,124800.0,1400.0,1.13,0.011281224818694646
2024-07-24,125130.0,126000.0,4151700,520860000000,20000,2680000000,125500.0,126600.0,124000.0,500.0,0.4,0.003984063745019917
2024-07-25,124140.0,125000.0,2563400,319819000000,685001,86061317200,124200.0,125500.0,124100.0,-1000.0,-0.79,-0.007936507936507908
2024-07-26,127120.0,128000.0,3951100,497176000000,1182600,148808558000,125900.0,128000.0,124400.0,3000.0,2.4,0.02400000000000002
2024-07-29,128110.00000000001,129000.0,4859800,631075000000,150000,20535000000,130000.0,130600.0,129000.0,1000.0,0.78,0.0078125
2024-07-30,127120.0,128000.0,2373800,303850000000,50000,6050000000,129000.0,129500.0,127000.0,-1000.0,-0.78,-0.007751937984496138
2024-07-31,127710.0,128600.0,2869200,366616000000,225000,28851750000,127300.0,128600.0,126600.0,600.0,0.47,0.004687499999999956
2024-08-01,123940.0,124800.0,6870300,866879000000,1,119600,129600.0,129699.99999999999,124100.0,-3800.0,-2.95,-0.029548989113530322
2024-08-02,122350.0,123200.0,9944700,1221179000000,212500,25347250000,122100.0,124800.0,121000.0,-1600.0,-1.28,-0.012820512820512775
2024-08-05,117780.0,118600.0,10415200,1254100000000,0,0,121100.0,122900.0,117400.0,-4600.0,-3.73,-0.037337662337662336
2024-08-06,119970.0,120800.0,6728100,812059000000,263750,31264174000,120000.0,121900.0,119800.0,2200.0,1.85,0.018549747048903775
2024-08-07,121160.0,122000.0,2822800,341315000000,0,0,121000.0,122000.0,120200.0,1200.0,0.99,0.009933774834437026
2024-08-08,120560.0,121400.0,2654900,322995000000,576531,70133747400,121600.0,122400.0,120900.0,-600.0,-0.49,-0.004918032786885296
2024-08-09,126020.0,126900.0,5496400,684744000000,165000,20554050000,122400.0,126900.0,122000.0,5500.0,4.53,0.045304777594728174
2024-08-12,129100.0,130000.0,6183500,797496000000,591501,75416668100,126900.0,130199.99999999999,126200.0,3100.0,2.44,0.024428684003152012
2024-08-13,128810.0,129699.99999999999,4097900,529462000000,48001,6240120900,129699.99999999999,130199.99999999999,128000.0,-300.0,-0.23,-0.002307692307692455
2024-08-14,128610.00000000001,129500.0,2862200,372246000000,940000,114838000000,130699.99999999999,131500.0,129500.0,-200.0,-0.15,-0.0015420200462604727
2024-08-15,127810.0,128699.99999999999,2257600,290611000000,48000,6240000000,129100.0,129500.0,128199.99999999999,-800.0,-0.62,-0.006177606177606321
2024-08-16,129699.99999999999,130600.0,5093600,663590000000,393000,51090000000,129100.0,131000.0,129100.0,1900.0,1.48,0.014763014763014892
2024-08-19,129600.0,130500.0,2498400,326051000000,56462,7365201200,131100.0,131400.0,130000.0,-100.0,-0.08,-0.0007656967840734552
2024-08-20,130590.0,131500.0,3741400,492119000000,243000,31833000000,130699.99999999999,132500.0,130699.99999999999,1000.0,0.77,0.00766283524904221
2024-08-21,132580.0,133500.0,6119700,808777000000,352200,46243860000,130600.0,133800.0,130600.0,2000.0,1.52,0.015209125475285079
2024-08-22,132880.0,133800.0,3020500,404697000000,540000,72326000000,134000.0,134500.0,133500.0,300.0,0.22,0.0022471910112360494
2024-08-23,132180.0,133100.0,3055000,406247000000,270001,35912724500,133700.0,133700.0,132400.0,-700.0,-0.52,-0.0052316890881913825
2024-08-26,130590.0,131500.0,2590300,342213000000,167900,22181269000,133300.0,133500.0,131500.0,-1600.0,-1.2,-0.012021036814425234
2024-08-27,131590.0,132500.0,2338500,308172000000,651400,85333400000,131500.0,132600.0,130400.0,1000.0,0.76,0.0076045627376426506
2024-08-28,132380.0,133300.0,2711500,362337000000,198201,26408291300,133000.0,134500.0,132900.0,800.0,0.6,0.006037735849056647
2024-08-29,132780.0,133700.0,2092700,278675000000,545001,72569124000,132800.0,133800.0,132200.0,400.0,0.3,0.0030007501875468634
2024-08-30,133870.0,134800.0,3315800,446145000000,64000,8736000000,133500.0,134900.0,133000.0,1100.0,0.82,0.008227374719521396
2024-09-04,132080.0,133000.0,4535200,600247000000,400000,52908000000,133000.0,133000.0,131500.0,-1800.0,-1.34,-0.013353115727002929
2024-09-05,129699.99999999999,130600.0,8055600,1051193000000,0,0,133000.0,133000.0,129699.99999999999,-2400.0,-1.8,-0.018045112781954864
2024-09-06,131190.0,132100.0,3821400,503724000000,400000,52792000000,130500.0,132900.0,130300.00000000001,1500.0,1.15,0.011485451761102494
2024-09-09,130389.99999999999,131300.0,2885200,377085000000,1,122900,130800.00000000001,131900.0,130100.0,-800.0,-0.61,-0.006056018168054456
2024-09-10,129100.0,130000.0,4195100,546653000000,1,122200,131000.0,131000.0,129600.0,-1300.0,-0.99,-0.00990099009900991
2024-09-11,129699.99999999999,130600.0,3190400,416155000000,400000,52176000000,130000.0,131300.0,129800.00000000001,600.0,0.46,0.004615384615384688
2024-09-12,131390.0,132300.0,4118000,543297000000,250000,33020000000,131000.0,132500.0,131000.0,1700.0,1.3,0.013016845329249627
2024-09-13,132080.0,133000.0,3186800,423783000000,748900,99318242000,132200.0,133400.0,132000.0,700.0,0.53,0.005291005291005346
2024-09-16,130199.99999999999,131100.0,1915700,252145000000,380000,50118000000,131800.0,133000.0,131100.0,-1900.0,-1.43,-0.014285714285714235
2024-09-17,131980.0,132900.0,2651400,350670000000,950000,129500000000,131200.0,132900.0,131200.0,1800.0,1.37,0.013729977116704761
2024-09-18,133670.0,134600.0,5379600,722775000000,70000,9222000000,133400.0,135200.0,132900.0,1700.0,1.28,0.012791572610985735
2024-09-19,134270.0,135200.0,5154300,695884000000,0,0,135000.0,135800.0,134300.0,600.0,0.45,0.004457652303120341
2024-09-20,134370.0,135300.0,3719700,506352000000,0,0,136300.0,137000.0,135000.0,100.0,0.07,0.0007396449704142327
2024-09-23,133080.0,134000.0,2441200,327877000000,1041000,134792400000,135900.0,135900.0,133400.0,-1300.0,-0.96,-0.00960827790096086
2024-09-24,133570.0,134500.0,2011400,269631000000,184116,23360095200,134000.0,134700.0,133700.0,500.0,0.37,0.003731343283582156
2024-09-25,133870.0,134800.0,4479900,601385000000,0,0,134300.0,134800.0,133600.0,300.0,0.22,0.0022304832713755385
2024-09-26,133370.0,134300.0,2815600,378102000000,265000,35583550000,135000.0,135000.0,133900.0,-500.0,-0.37,-0.0037091988130564246
2024-09-27,133270.0,134200.0,3352800,448848000000,200000,26766000000,134300.0,134400.0,133500.0,-100.0,-0.07,-0.0007446016381236209
2024-09-30,133570.0,134500.0,3030500,404863000000,248000,33147680000,134200.0,134500.0,133000.0,300.0,0.22,0.0022354694485842153
2024-10-01,134960.0,135900.0,4725900,642311000000,2161100,293895101000,134700.0,136200.0,134700.0,1400.0,1.04,0.010408921933085402
2024-10-02,134470.0,135400.0,1719800,232879000000,649400,87674261000,134600.0,135900.0,134600.0,-500.0,-0.37,-0.00367917586460631
2024-10-03,133080.0,134000.0,2300800,311077000000,1331001,180139926000,135400.0,136100.0,134000.0,-1400.0,-1.03,-0.010339734121122546
2024-10-04,133170.0,134100.0,1468400,196794000000,0,0,134300.0,134800.0,133500.0,100.0,0.07,0.0007462686567163423
2024-10-07,133170.0,134100.0,1330500,178342000000,571001,76399924800,134200.0,134900.0,133600.0,0.0,0.0,0.0
2024-10-08,132880.0,133800.0,2108600,282819000000,1,124800,134100.0,135100.0,133600.0,-300.0,-0.22,-0.0022371364653244186
2024-10-09,134470.0,135400.0,2619900,354277000000,200000,27066000000,134300.0,135800.0,134300.0,1600.0,1.2,0.01195814648729443
2024-10-10,140720.0,141700.0,9952200,1392002000000,50000,6896500000,135800.0,142000.0,135800.0,6300.0,4.65,0.04652880354505173
2024-10-11,138640.0,139600.0,3813600,536152000000,50000,7068500000,142000.0,142800.0,139600.0,-2100.0,-1.48,-0.014820042342978068
2024-10-14,136650.0,137600.0,5605300,777265000000,30000,4050000000,141100.0,141300.0,137100.0,-2000.0,-1.43,-0.014326647564469885
2024-10-15,136050.0,137000.0,2860800,392997000000,50000,7190000000,137600.0,138600.0,136600.0,-600.0,-0.44,-0.0043604651162790775
2024-10-16,135360.0,136300.0,2756000,376146000000,20001,2826127500,136400.0,137100.0,136000.0,-700.0,-0.51,-0.005109489051094873
2024-10-17,136050.0,137000.0,2579200,351605000000,1190000,166600000000,136500.0,137100.0,135500.0,700.0,0.51,0.005135730007336692
2024-10-18,136050.0,137000.0,2169400,297523000000,1,127500,137400.0,137800.0,136600.0,0.0,0.0,0.0
2024-10-21,134560.0,135500.0,2681300,366269000000,180000,24523200000,137000.0,137700.0,135500.0,-1500.0,-1.09,-0.010948905109489093
2024-10-22,132180.0,133100.0,6009200,806437000000,165300,22337793000,135700.0,135700.0,133000.0,-2400.0,-1.77,-0.0177121771217712
2024-10-23,133270.0,134200.0,3015100,403480000000,1,123800,132900.0,134800.0,132600.0,1100.0,0.83,0.008264462809917328
2024-10-24,133370.0,134300.0,2277200,305372000000,1,124900,134200.0,134300.0,133800.0,100.0,0.07,0.0007451564828613311
2024-10-25,133080.0,134000.0,1839000,246286000000,0,0,134300.0,134600.0,133600.0,-300.0,-0.22,-0.0022338049143708627
2024-10-28,133970.0,134900.0,1506000,202644000000,1,124700,134100.0,135000.0,133600.0,900.0,0.67,0.006716417910447747
2024-10-29,134470.0,135400.0,2459200,332036000000,190000,25651900000,135400.0,135500.0,134800.0,500.0,0.37,0.003706449221645647
2024-10-30,134960.0,135900.0,1709800,231778000000,160400,21745428000,135400.0,135900.0,135200.0,500.0,0.37,0.0036927621861151394
2024-10-31,134960.0,135900.0,1241700,168453000000,100000,13563000000,135900.0,136000.0,135300.0,0.0,0.0,0.0
2024-11-01,133670.0,134600.0,2667500,358246000000,0,0,135000.0,135000.0,133600.0,-1300.0,-0.96,-0.009565857247976428
2024-11-04,131880.0,132800.0,3182900,424072000000,575000,77104200000,134600.0,134600.0,132700.0,-1800.0,-1.34,-0.013372956909361022
2024-11-05,131690.0,132600.0,1657100,220031000000,1084000,146962350000,133000.0,134000.0,132300.0,-200.0,-0.15,-0.001506024096385561
2024-11-06,133670.0,134600.0,1801500,241407000000,0,0,133100.0,134600.0,133000.0,2000.0,1.51,0.015082956259426794
2024-11-07,134170.0,135100.0,3570500,484914000000,906000,123333000000,135300.0,137600.0,134200.0,500.0,0.37,0.003714710252600284
2024-11-08,134860.0,135800.0,2106300,286090000000,0,0,136100.0,136800.0,135100.0,700.0,0.52,0.005181347150259086
2024-11-11,137350.0,138300.0,5292000,728542000000,0,0,136500.0,139500.0,136000.0,2500.0,1.84,0.018409425625920406
2024-11-12,135860.0,136800.0,2914700,398840000000,50000,6821000000,138600.0,138900.0,135900.0,-1500.0,-1.08,-0.010845986984815648
2024-11-13,136850.0,137800.0,3455400,474344000000,170000,23312100000,136700.0,138100.0,136100.0,1000.0,0.73,0.007309941520467822
2024-11-14,135060.0,136000.0,4736300,652751000000,175001,24060778200,137900.0,139900.0,136000.0,-1800.0,-1.31,-0.013062409288824406
2024-11-15,132980.0,133900.0,6563600,878197000000,0,0,135300.0,135700.0,132600.0,-2100.0,-1.54,-0.01544117647058818
2024-11-18,133080.0,134000.0,3903400,520995000000,90001,12019624600,134000.0,134600.0,132500.0,100.0,0.07,0.0007468259895444529
2024-11-19,129100.0,130000.0,7642800,1000801000000,1510000,210370000000,133500.0,133600.0,129900.0,-4000.0,-2.99,-0.02985074626865669
2024-11-20,131490.0,132400.0,8460300,1092049000000,1160000,155760000000,130000.0,132400.0,126700.0,2400.0,1.85,0.01846153846153853
2024-11-21,132080.0,133000.0,3176700,419155000000,1152301,146577001200,132400.0,133000.0,131000.0,600.0,0.45,0.004531722054380571
2024-11-22,132980.0,133900.0,2915900,389768000000,2660000,366222000000,132900.0,134400.0,132500.0,900.0,0.68,0.006766917293232977
2024-11-25,132980.0,133900.0,1849700,247302000000,4788000,663253000000,134000.0,134000.0,133200.0,0.0,0.0,0.0
2024-11-26,134270.0,135200.0,4176100,562870000000,325000,44570000000,133400.0,135900.0,133300.0,1300.0,0.97,0.009708737864077666
2024-11-27,137940.0,138900.0,9814300,1358066000000,3452000,470898000000,135200.0,139700.0,135200.0,3700.0,2.74,0.0273668639053255
2024-11-28,138440.0,139400.0,4742700,660343000000,2336000,323190800000,139400.0,140000.0,138300.0,500.0,0.36,0.003599712023038215
2024-11-29,143300.0,144300.0,11586700,1652176000000,1901000,272282360000,139400.0,145400.0,139000.0,4900.0,3.52,0.035150645624103305
2024-12-02,142200.0,142200.0,6616800,949437000000,1323730,194679799000,144300.0,146000.0,141600.0,-1100.0,-0.77,-0.014553014553014498
2024-12-03,145000.0,145000.0,5103700,734265000000,1868000,269512000000,141700.0,145900.0,141700.0,2800.0,1.97,0.019690576652601877
2024-12-04,143500.0,143500.0,5609100,813743000000,1720301,254367649900,145000.0,146300.0,142800.0,-1500.0,-1.03,-0.010344827586206917
2024-12-05,148500.0,148500.0,4849200,707111000000,3799301,560856761500,144000.0,148500.0,143600.0,5000.0,3.48,0.03484320557491283
2024-12-06,149500.0,149500.0,4541200,678952000000,462000,69692740000,151900.0,151900.0,148000.0,1000.0,0.67,0.006734006734006703
2024-12-09,147000.0,147000.0,4539000,667467000000,1360005,210560695500,149200.0,149500.0,146100.0,-2500.0,-1.67,-0.01672240802675584
2024-12-10,149500.0,149500.0,3597200,533506000000,690006,103698820800,147100.0,149500.0,147000.0,2500.0,1.7,0.017006802721088343
2024-12-11,150500.0,150500.0,4816600,726231000000,3810007,586447973700,150000.0,151700.0,149700.0,1000.0,0.67,0.006688963210702337
2024-12-12,150200.0,150200.0,4147900,622837000000,1450007,222800980000,151900.0,151900.0,149200.0,-300.0,-0.2,-0.001993355481727521
2024-12-13,149500.0,149500.0,3379800,506936000000,1485005,226230698500,149500.0,150900.0,149400.0,-700.0,-0.47,-0.0046604527296937315
2024-12-16,149900.0,149900.0,3291100,493650000000,2380012,362491669200,149600.0,150600.0,149500.0,400.0,0.27,0.0026755852842810235
2024-12-17,148000.0,148000.0,5947500,885470000000,1418005,215262097500,150100.0,150500.0,147700.0,-1900.0,-1.27,-0.012675116744496284
2024-12-18,148700.0,148700.0,2923400,435819000000,616040,91038708000,148000.0,149800.0,148000.0,700.0,0.47,0.004729729729729737
2024-12-19,148100.0,148100.0,4805200,711171000000,1020254,153392128200,147300.0,149000.0,147200.0,-600.0,-0.4,-0.00403496973772699
2024-12-20,149500.0,149500.0,3538900,529889000000,1197002,180926075600,148500.0,150600.0,148300.0,1400.0,0.95,0.009453072248480687
2024-12-23,149800.0,149800.0,2514800,375097000000,1796113,273007940300,149500.0,149900.0,148700.0,300.0,0.2,0.0020066889632106566
2024-12-24,150400.0,150400.0,2300900,345204000000,1737003,262032418200,150000.0,150800.0,149400.0,600.0,0.4,0.004005340453938633
2024-12-25,150800.0,150800.0,2513100,378912000000,2155004,319928059600,150600.0,151200.0,150400.0,400.0,0.27,0.0026595744680850686
2024-12-26,149800.0,149800.0,2233300,334764000000,710003,106343320900,151000.0,151400.0,149100.0,-1000.0,-0.66,-0.006631299734747964
2024-12-27,149600.0,149600.0,2561700,382262000000,2050005,308525697000,149500.0,149900.0,148700.0,-200.0,-0.13,-0.001335113484646211
2024-12-30,150500.0,150500.0,1982400,296877000000,1213006,183666735200,149400.0,150800.0,148500.0,900.0,0.6,0.006016042780748743
2024-12-31,152500.0,152500.0,3603200,548817000000,1200002,183600280000,150700.0,153900.0,150300.0,2000.0,1.33,0.013289036544850585
2025-01-02,152000.0,152000.0,3172800,479017000000,3018001,451756041900,152500.0,152700.0,150100.0,-500.0,-0.33,-0.003278688524590123
2025-01-03,149000.0,149000.0,4336100,651136000000,2110004,317535165600,151300.0,151300.0,149000.0,-3000.0,-1.97,-0.019736842105263164
2025-01-06,149300.0,149300.0,3467100,517718000000,4,554400,149100.0,150200.0,148400.0,300.0,0.2,0.002013422818792021
2025-01-07,150100.0,150100.0,3453300,519867000000,600004,90918555600,149500.0,151300.0,149500.0,800.0,0.54,0.005358338914936311
2025-01-08,148300.0,148300.0,3879900,576711000000,2,279200,150000.0,150000.0,148100.0,-1800.0,-1.2,-0.011992005329780175
2025-01-09,148800.0,148800.0,1714400,254511000000,250001,36590138000,148300.0,149200.0,148000.0,500.0,0.34,0.003371544167228624
2025-01-10,147300.0,147300.0,2524700,373943000000,213003,31483945200,148800.0,149100.0,147200.0,-1500.0,-1.01,-0.01008064516129037
2025-01-13,147600.0,147600.0,3488800,511097000000,1667907,244331630000,146100.0,148500.0,144700.0,300.0,0.2,0.0020366598778003286
2025-01-14,145100.0,145100.0,2897200,422427000000,1407303,210766551900,147600.0,148000.0,145100.0,-2500.0,-1.69,-0.01693766937669372
2025-01-15,145500.0,145500.0,2840900,412809000000,439003,64913905000,146000.0,146500.0,144800.0,400.0,0.28,0.002756719503790528
2025-01-16,146500.0,146500.0,3568000,521397000000,288703,42188137200,146200.0,147000.0,145200.0,1000.0,0.69,0.0068728522336769515
2025-01-17,149000.0,149000.0,3537000,524314000000,363004,53747545200,146600.0,150100.0,146000.0,2500.0,1.71,0.017064846416382284
2025-01-20,150000.0,150000.0,2217700,331955000000,80011,11089524600,149000.0,150400.0,148200.0,1000.0,0.67,0.006711409395973256
2025-01-21,149900.0,149900.0,2480300,372370000000,995501,150020054500,150500.0,151400.0,149000.0,-100.0,-0.07,-0.0006666666666667043
2025-01-22,149700.0,149700.0,2785600,417226000000,1281002,192150279000,149600.0,150600.0,149200.0,-200.0,-0.13,-0.0013342228152101177
2025-01-23,154300.0,154300.0,7057800,1086532000000,1401301,212585261300,150100.0,156000.0,150000.0,4600.0,3.07,0.030728122912491607
2025-01-24,153400.0,153400.0,3655700,561884000000,295006,45725861000,154100.0,154500.0,153400.0,-900.0,-0.58,-0.005832793259883395
2025-02-04,146200.0,146200.0,5467700,798580000000,1363000,204450000000,146000.0,147000.0,145300.0,700.0,0.48,-0.046936114732724854
2025-02-05,146300.0,146300.0,5204100,762696000000,140000,20720000000,146900.0,147500.0,145800.0,100.0,0.07,0.0006839945280436854
2025-02-06,146500.0,146500.0,3426600,500993000000,298001,43315136100,147000.0,147300.0,145600.0,200.0,0.14,0.0013670539986330166
2025-02-07,146100.0,146100.0,3865900,564532000000,500000,73025000000,146500.0,146700.0,145800.0,-400.0,-0.27,-0.0027303754266211344
2025-02-10,142000.0,142000.0,7749600,1110284000000,0,0,145500.0,145500.0,142000.0,-4100.0,-2.81,-0.02806297056810403
2025-02-11,145400.0,145400.0,5361400,763964000000,2000000,264200000000,142200.0,145400.0,140100.0,3400.0,2.39,0.023943661971830954
2025-02-12,145000.0,145000.0,1887400,273640000000,148051,20134936000,145600.0,145700.0,144300.0,-400.0,-0.28,-0.0027510316368638543
2025-02-13,143100.0,143100.0,2850800,409131000000,397300,56814008000,145000.0,145000.0,142700.0,-1900.0,-1.31,-0.013103448275862073
2025-02-14,144900.0,144900.0,3251700,470241000000,9,1197900,144000.0,145000.0,143600.0,1800.0,1.26,0.012578616352201255
2025-02-17,143600.0,143600.0,2466300,354627000000,350000,47180000000,145000.0,145000.0,143400.0,-1300.0,-0.9,-0.00897170462387853
2025-02-18,143900.0,143900.0,1664400,239297000000,0,0,143800.0,144400.0,143100.0,300.0,0.21,0.002089136490250665
2025-02-19,144000.0,144000.0,3029800,435016000000,440001,63190733900,143900.0,144900.0,143100.0,100.0,0.07,0.0006949270326614965
2025-02-20,143000.0,143000.0,3385400,485313000000,0,0,144200.0,144600.0,143000.0,-1000.0,-0.69,-0.00694444444444442
2025-02-21,142000.0,142000.0,5312600,754130000000,20000,2852000000,142800.0,142900.0,141500.0,-1000.0,-0.7,-0.006993006993006978
2025-02-24,140500.0,140500.0,7497900,1052387000000,20001,2820132100,142000.0,142000.0,139500.0,-1500.0,-1.06,-0.010563380281690127
2025-02-25,139000.0,139000.0,6810400,945360000000,524000,72967590000,140400.0,140400.0,138200.0,-1500.0,-1.07,-0.010676156583629859
2025-02-26,141800.0,141800.0,3323400,466222000000,150000,21052500000,139100.0,141800.0,138900.0,2800.0,2.01,0.020143884892086295
2025-02-27,141300.0,141300.0,3421700,483088000000,500000,70620000000,142000.0,142200.0,140700.0,-500.0,-0.35,-0.0035260930888575404
2025-02-28,140300.0,140300.0,4694400,655863000000,2248800,314813528000,140100.0,141100.0,139000.0,-1000.0,-0.71,-0.00707714083510258
